p1,p2,p3,p4,p5,p6,p7,p8,p9,p10,p11,p12,p13,p14,p15,p16,p17,p18,p19,p20,p21,p22,p23,p24,p25,p26,p27,p28,p29,p30,p31,p32,p33,p34,p35,p36,p37,p38,p39,p40,p41,p42,p43,p44,p45,p46,p47,p48,p49,p50,p51,disease
135,1636,207,2099,2912,2950,3350,3362,4886,4988,5245,6531,6622,6648,816,8787,9463,0,0,0,0,0,0,0,0,0,0,0,0,0,0,0,0,0,0,0,0,0,0,0,0,0,0,0,0,0,0,0,0,0,0,Psychoses  Substance-Induced
3295,5189,5190,5192,5193,5194,5195,55670,5824,5825,5828,5830,8504,8799,9409,0,0,0,0,0,0,0,0,0,0,0,0,0,0,0,0,0,0,0,0,0,0,0,0,0,0,0,0,0,0,0,0,0,0,0,0,Zellweger Syndrome
2,10318,10498,10547,10758,10866,117289,125893,1356,1401,140454,1437,149233,163702,23586,2524,2706,285626,29785,3107,338442,348,353143,353144,3553,3565,3569,3593,3596,359825,400957,4288,4792,4843,503613,5111,51561,51752,5271,54620,5468,55350,55770,55905,57178,5966,5972,5980,6278,63869,63870,Psoriasis
1277,1282,1284,2,213,2152,2247,2262,2981,3123,3291,3558,462,4690,5054,6648,7018,7040,7827,8440,914,0,0,0,0,0,0,0,0,0,0,0,0,0,0,0,0,0,0,0,0,0,0,0,0,0,0,0,0,0,0,Nephrotic Syndrome
221692,23063,23245,338342,4035,4209,6863,79054,796,79783,9457,9910,0,0,0,0,0,0,0,0,0,0,0,0,0,0,0,0,0,0,0,0,0,0,0,0,0,0,0,0,0,0,0,0,0,0,0,0,0,0,0,Common Migraine
10036,2189,2937,3301,51182,54541,56603,5743,6283,672,8208,9518,28998,301,302,308,3202,3236,3237,3265,3312,3315,3383,3606,3845,3854,3963,4489,5223,5290,540,5478,56952,5743,6317,6648,7157,7167,7248,7249,7372,7417,10036,2189,2937,3301,51182,54541,56603,5743,6283,Mouth Diseases
126328,137682,25915,29078,374291,4535,4536,4537,4538,4540,4541,4570,4694,4709,4715,4719,4720,4722,4723,4724,4726,4728,4729,51103,55572,79133,80224,91942,0,0,0,0,0,0,0,0,0,0,0,0,0,0,0,0,0,0,0,0,0,0,0,MITOCHONDRIAL COMPLEX I DEFICIENCY
1012,10160,10207,10257,105,1080,11278,1129,1138,114134,114786,114788,121601,1268,140683,140733,143098,143379,143458,143503,147685,1565,1653,167465,1769,1793,1813,1826,1962,2120,2166,2272,22925,22998,23034,23214,23307,23345,253782,25807,259217,26230,27146,2893,2898,29119,29126,2915,2917,29922,344805,Substance Related Disorders
2056,2539,2729,2821,2936,3043,3162,3440,3704,6521,6710,7167,0,0,0,0,0,0,0,0,0,0,0,0,0,0,0,0,0,0,0,0,0,0,0,0,0,0,0,0,0,0,0,0,0,0,0,0,0,0,0,Anemia Hemolytic
3,10057,10125,101927437,1021,10257,10274,10586,10628,10665,10666,10678,10745,10956,11102,11170,117289,122618,1235,1244,130540,135,1356,1401,1404,1437,1490,1493,150577,1509,151056,156,160364,1656,1687,171425,1719,176,177,1776,1803,1827,196,200734,2023,2147,219790,2212,221895,22806,2289,Rheumatoid Arthritis
10758,3107,3576,3593,400957,4049,4210,4843,4929,54620,5966,64127,643749,652,7124,860,968,0,0,0,0,0,0,0,0,0,0,0,0,0,0,0,0,0,0,0,0,0,0,0,0,0,0,0,0,0,0,0,0,0,0,Arthritis Psoriatic
10533,113235,142,1437,1440,183,2056,2936,30061,3240,3440,3481,3558,3562,374569,4524,51312,538,5617,5741,57817,5972,6648,7124,7298,8797,9474,2072,2175,2176,2177,2178,2187,2188,2189,29089,4599,55120,55215,57697,5889,675,7124,79728,83990,84464,114086,2623,6125,6135,6138,Anemia
10232,1956,2064,2263,2778,3417,3418,3569,3845,4089,4843,5178,54894,55193,5566,5567,5743,5774,58508,6092,6528,7157,8289,8314,10847,10933,1387,1462,1612,182,2011,2019,2033,2175,2195,221037,2264,2309,23135,23209,23220,23269,23543,23619,23774,259266,2620,2621,26292,27255,27344,Carcinoma
1027,1616,4221,546,5744,673,6751,6752,6753,7298,0,0,0,0,0,0,0,0,0,0,0,0,0,0,0,0,0,0,0,0,0,0,0,0,0,0,0,0,0,0,0,0,0,0,0,0,0,0,0,0,0,Neuroendocrine Tumors
1012,114609,1154,1378,1401,2213,2532,256892,259197,28,2993,2995,3240,3383,4055,4843,493,6521,7124,91752,948,0,0,0,0,0,0,0,0,0,0,0,0,0,0,0,0,0,0,0,0,0,0,0,0,0,0,0,0,0,0,Malaria
113235,1674,27232,29108,4524,4552,4868,5444,7124,834,875,0,0,0,0,0,0,0,0,0,0,0,0,0,0,0,0,0,0,0,0,0,0,0,0,0,0,0,0,0,0,0,0,0,0,0,0,0,0,0,0,Hyperhomocysteinemia
10189,10197,10204,1026,10280,10436,10527,10574,10594,10808,10946,10980,10981,1192,1232,1524,1647,1973,1978,213,2208,22948,23198,23411,2971,3068,30835,3106,3107,3240,329,330,3313,3315,3320,3326,3329,335,3458,3558,3559,3566,3577,3586,3608,3692,3811,3837,393,396,397,HIV Infections
4,10769,10810,10826,10950,11252,113,1191,122416,1390,139105,146225,1493,150094,153020,157922,1612,1647,1649,1839,1843,1844,1846,1950,1958,196441,1998,200315,2017,203228,2120,2209,221037,22864,23043,23074,23080,23093,23166,2353,2354,2355,23764,239,25816,26037,27086,2766,2791,2812,283131,Juvenile arthritis
10140,1019,1728,196,2026,2064,2149,22827,25,3082,30834,3265,3274,3458,3558,3592,3593,3832,3845,405,407041,4893,5111,5621,574511,595,5970,613,6678,6696,682,7124,7422,8725,8743,1019,1029,113878,1559,1612,23411,238,27436,28514,3558,388585,4255,441478,5111,5444,5727,Neoplasms
5,1493,154064,25824,2833,3559,3627,4283,55014,64375,79465,0,0,0,0,0,0,0,0,0,0,0,0,0,0,0,0,0,0,0,0,0,0,0,0,0,0,0,0,0,0,0,0,0,0,0,0,0,0,0,0,Alopecia Areata
6,1244,1392,142,23328,23476,367,4524,54503,55806,6716,6832,7421,7538,8797,0,0,0,0,0,0,0,0,0,0,0,0,0,0,0,0,0,0,0,0,0,0,0,0,0,0,0,0,0,0,0,0,0,0,0,0,Alopecia
10911,11188,1129,134,1392,1565,1813,183,1906,1907,1908,2641,2771,2796,3350,3827,3972,4922,5173,5443,5617,6863,6869,7200,0,0,0,0,0,0,0,0,0,0,0,0,0,0,0,0,0,0,0,0,0,0,0,0,0,0,0,Bradycardia
115650,1380,23495,29851,4790,4791,5580,8742,930,931,975,987,100,204,3575,3718,5896,5897,64421,7037,7535,915,916,0,0,0,0,0,0,0,0,0,0,0,0,0,0,0,0,0,0,0,0,0,0,0,0,0,0,0,0,Common Variable Immunodeficiency
133,1674,1675,183,2099,213,2833,3458,3553,3558,3559,3569,3576,3586,3606,3727,406892,406903,4803,4868,5443,5468,6346,6347,6348,6351,6352,6354,7124,7490,1401,1559,1565,1634,213,4803,6346,6347,6354,7057,100532746,102465500,102466745,10554,10665,10919,135656,1460,170679,1797,22925,Glomerulonephritis
10150,10243,1136,1138,125,126,1312,145858,1571,217,23552,2488,2550,2555,2566,2626,2678,2693,27340,3356,347735,3972,4852,4887,4988,50833,5142,5173,54622,55213,55825,5726,63876,6462,6532,6622,6869,6870,7018,886,9095,0,0,0,0,0,0,0,0,0,0,Alcoholic Intoxication Chronic
1543,1544,196,1999,2252,23411,3162,3371,3569,4311,4803,4914,6347,6348,6351,7039,7099,7124,7132,80310,1906,335,3383,355,356,429,4638,5468,7031,7032,7040,7295,7432,847,90,9173,100128334,10144,1314,151827,1832,23250,29119,3712,4137,4583,64478,64798,6648,7015,79991,Lung diseases
10084,11141,116442,139411,1741,186,2245,23229,2664,282808,4128,4983,546,57526,641339,65109,6535,6855,7552,7592,79742,8573,0,0,0,0,0,0,0,0,0,0,0,0,0,0,0,0,0,0,0,0,0,0,0,0,0,0,0,0,0,Mental Retardation X Linked
1636,1906,196743,213,2147,2153,217,2833,335,3360,3383,3553,3557,3569,3613,3659,3674,3685,3690,4018,4524,463,4843,5144,5327,5328,54498,5563,5743,6647,7040,7124,7291,7351,79001,7941,92369,9734,0,0,0,0,0,0,0,0,0,0,0,0,0,Cerebrovascular accident
1080,183,1906,1909,1910,2006,2247,23414,2626,2627,2697,3170,3202,3213,3383,3479,3481,3569,362,3737,3745,3778,4036,4846,4878,64220,6439,6440,652,6586,7026,7040,7055,7067,7068,7080,7124,7345,7412,7490,8817,0,0,0,0,0,0,0,0,0,0,Diaphragmatic Hernia
1027,1786,2099,2100,2950,367,4502,5292,5728,7155,999,0,0,0,0,0,0,0,0,0,0,0,0,0,0,0,0,0,0,0,0,0,0,0,0,0,0,0,0,0,0,0,0,0,0,0,0,0,0,0,0,Prostatic Intraepithelial Neoplasias
2253,2619,2736,28514,4838,50937,5727,6469,6496,6997,7050,7546,84976,8928,0,0,0,0,0,0,0,0,0,0,0,0,0,0,0,0,0,0,0,0,0,0,0,0,0,0,0,0,0,0,0,0,0,0,0,0,0,Semilobar Holoprosencephaly
7,100188813,100188839,100302512,100302561,114781,192142,4211,450097,5443,5607,5789,643714,7018,0,0,0,0,0,0,0,0,0,0,0,0,0,0,0,0,0,0,0,0,0,0,0,0,0,0,0,0,0,0,0,0,0,0,0,0,0,Restless Legs Syndrome
10008,10021,23171,23493,3752,3764,54795,55800,6324,6331,6336,775,781,783,7871,0,0,0,0,0,0,0,0,0,0,0,0,0,0,0,0,0,0,0,0,0,0,0,0,0,0,0,0,0,0,0,0,0,0,0,0,Brugada Syndrome
8,10788,114801,130951,1369,147372,2151,219749,221711,2241,22871,23555,285362,30820,339559,401548,5592,57493,5784,63892,64374,64478,730091,7388,91,93979,9630,0,0,0,0,0,0,0,0,0,0,0,0,0,0,0,0,0,0,0,0,0,0,0,0,Hearing Loss Partial
1021,2034,2067,25913,2944,2950,2952,4297,4613,4968,6799,6817,7508,7518,9,0,0,0,0,0,0,0,0,0,0,0,0,0,0,0,0,0,0,0,0,0,0,0,0,0,0,0,0,0,0,0,0,0,0,0,0,Chromosome Aberrations
9,100188791,100270642,100270643,100270644,10665,11073,11262,115761,23451,23547,25797,25865,25913,26034,28444,29125,29949,3117,3394,3431,3500,355,3569,3662,3676,400997,406935,406937,406950,4524,472,4988,5027,51176,5366,5423,5527,55289,55892,5743,57476,578,59,5934,595,596,64506,64864,7037,7157,Chronic Lymphocytic Leukemia
10,1146,2893,317761,388336,3908,4642,5095,54715,55748,56479,57369,5801,5923,6096,70,776,79698,9414,0,0,0,0,0,0,0,0,0,0,0,0,0,0,0,0,0,0,0,0,0,0,0,0,0,0,0,0,0,0,0,0,Refractive Errors
1234,1548,1576,23586,282617,3077,3440,3458,4015,4017,4023,4988,5788,949,975,0,0,0,0,0,0,0,0,0,0,0,0,0,0,0,0,0,0,0,0,0,0,0,0,0,0,0,0,0,0,0,0,0,0,0,0,Hepatitis C
10232,1027,1029,11186,1734,1956,1958,2099,2246,2247,2272,22827,23741,2475,2662,2719,2934,2944,324,3458,4582,4771,4831,5154,5241,54716,55600,56034,6648,6696,6850,7296,7490,7515,7517,8314,847,84700,8915,94274,999,0,0,0,0,0,0,0,0,0,0,Mesothelioma
11,100996324,10111,101927027,101929507,102724748,11201,1431,149233,23040,23586,285626,353135,4255,48,4843,5141,51752,54922,55770,55905,5799,5966,5980,6231,64377,64478,6586,6773,686,6924,7087,7128,81890,84162,8575,90134,91749,9844,9927,0,0,0,0,0,0,0,0,0,0,0,Inflammatory dermatosis
10371,128674,1848,2253,2260,23767,26012,3730,389549,54756,55636,55717,60675,6663,6870,81848,84634,8820,8822,9394,0,0,0,0,0,0,0,0,0,0,0,0,0,0,0,0,0,0,0,0,0,0,0,0,0,0,0,0,0,0,0,Kallmann Syndrome
11067,1174,12,2168,26471,3249,4047,427,440,5468,55062,6319,64838,6515,6876,79153,83729,8431,9415,0,0,0,0,0,0,0,0,0,0,0,0,0,0,0,0,0,0,0,0,0,0,0,0,0,0,0,0,0,0,0,0,Lipoidosis
12,1356,1374,153,1536,2335,23411,23671,346171,3630,3667,3799,3953,4217,4508,5443,5444,5468,547,5743,5879,653361,6647,7058,847,8639,8856,9370,9970,100128081,10019,100506742,10584,10666,10745,1129,114904,1356,139716,1401,146754,1493,1512,160365,1649,169792,2065,22979,23274,23316,246778,Diabetes Mellitus
10159,111,1134,1277,1278,1281,1440,150,152,154,1588,1634,183,207,213,2235,23411,284,3162,3553,3557,3565,3816,3953,406991,472,4881,5155,5294,54974,5609,5743,5972,6648,6774,7040,7057,7124,80310,8877,894,0,0,0,0,0,0,0,0,0,0,Fibrosis
1066,1281,1489,1581,19,1906,255738,27035,3156,338,3383,348,3949,3952,4018,4023,4638,5444,6401,653361,7412,8013,0,0,0,0,0,0,0,0,0,0,0,0,0,0,0,0,0,0,0,0,0,0,0,0,0,0,0,0,0,Hypercholesterolemia
10059,10084,10293,10617,10733,11284,1778,2074,2290,26128,283989,284403,3796,3800,407975,4998,6513,6925,701,7283,79042,80254,80746,84879,8573,0,0,0,0,0,0,0,0,0,0,0,0,0,0,0,0,0,0,0,0,0,0,0,0,0,0,Microcephaly
10763,10855,1649,1674,183,1906,1910,213,2147,3383,3689,5972,6647,7431,7827,0,0,0,0,0,0,0,0,0,0,0,0,0,0,0,0,0,0,0,0,0,0,0,0,0,0,0,0,0,0,0,0,0,0,0,0,Nephrosis
183,22808,2950,3162,348,356,5328,5420,6347,7157,9332,0,0,0,0,0,0,0,0,0,0,0,0,0,0,0,0,0,0,0,0,0,0,0,0,0,0,0,0,0,0,0,0,0,0,0,0,0,0,0,0,Carotid Artery Diseases
10084,10743,152330,1544,1788,1902,196,2074,2245,26277,2688,27125,282808,285590,3162,3480,3481,3483,4054,407975,43,4880,5290,538,546,554,5744,6913,701,79048,84282,867,9719,0,0,0,0,0,0,0,0,0,0,0,0,0,0,0,0,0,0,Growth Disorders
114327,1181,2562,2566,50966,51305,773,8629,8912,9254,0,0,0,0,0,0,0,0,0,0,0,0,0,0,0,0,0,0,0,0,0,0,0,0,0,0,0,0,0,0,0,0,0,0,0,0,0,0,0,0,0,Absence Epilepsy
1268,2911,2912,2913,2914,2915,3749,3791,4514,4852,4887,5025,5027,57468,623,624,6505,6558,7010,7421,7422,7442,9353,0,0,0,0,0,0,0,0,0,0,0,0,0,0,0,0,0,0,0,0,0,0,0,0,0,0,0,0,Epilepsy Temporal Lobe
10280,11255,1128,1139,1813,2558,28964,2925,3115,3350,3362,3363,3481,351,3553,3630,4012,4137,4192,4282,43,4835,4852,5071,5368,551,5663,57030,57084,596,5966,6531,6532,6774,6855,7422,9495,0,0,0,0,0,0,0,0,0,0,0,0,0,0,Memory Disorders
1268,134,1812,1813,183,2534,2641,4922,5443,5617,7054,7200,796,84152,885,0,0,0,0,0,0,0,0,0,0,0,0,0,0,0,0,0,0,0,0,0,0,0,0,0,0,0,0,0,0,0,0,0,0,0,0,Catalepsy
27030,2956,3845,4072,4292,4436,5290,5378,5395,6224,657,7048,9209,0,0,0,0,0,0,0,0,0,0,0,0,0,0,0,0,0,0,0,0,0,0,0,0,0,0,0,0,0,0,0,0,0,0,0,0,0,0,Hereditary Nonpolyposis Colorectal Cancer
10,9,10019,10221,1030,11173,116519,1401,1636,1952,2056,2099,2100,221692,22808,23293,23294,23564,255738,2784,28,283450,2982,3162,325,345,3654,3667,375056,3949,3988,4018,4023,4049,406938,4314,4846,4879,490,5069,51530,5444,54805,55759,5743,574447,57608,6272,6347,6387,64240,Coronary Artery Disease
13,10529,10544,205,2147,2153,2160,2202,2243,2259,2266,23414,23555,254827,28,29922,3053,462,5327,54014,55245,5624,57153,60676,63895,653140,6838,6875,7124,728215,728755,8089,91543,91584,9630,9727,0,0,0,0,0,0,0,0,0,0,0,0,0,0,0,Venous Thromboembolism
10188,1050,1072,10897,10975,1124,121256,1373,140885,164395,166336,192286,1948,1950,217,2305,23302,23404,2495,25,25839,2705,2941,2950,3033,307,3265,339487,3481,3484,3667,383,3856,406884,406886,406910,406937,406984,406993,406994,407017,407029,407033,407054,407056,4193,4353,442898,442903,442906,442908,Precancerous Conditions
14,10067,100861468,101927324,101929163,5,10745,11116,11262,114548,117289,1201,1401,144811,149233,150962,151306,157869,159296,163486,1788,1997,200728,219771,221895,22891,22904,2335,2358,2524,26191,2646,283463,284119,285626,3123,339145,345611,3458,3460,3479,3559,3569,3586,3593,3952,400757,4049,4088,4295,441108,Crohn Disease
10401,1499,1956,2067,2261,2475,3115,3116,3280,4524,4851,4853,5457,5915,6774,7015,7472,7474,7528,81037,841,9582,10060,1028,10772,1108,1583,1634,1645,2033,2099,2100,2146,221895,2263,231,23512,27030,2956,3206,3207,3294,332,3480,3576,406985,4216,4524,4780,5074,5241,Uterine Cervical Neoplasm
1812,1813,1814,2354,2571,2643,2668,5173,5179,5923,7054,847,8787,885,9456,0,0,0,0,0,0,0,0,0,0,0,0,0,0,0,0,0,0,0,0,0,0,0,0,0,0,0,0,0,0,0,0,0,0,0,0,Dyskinesia
151507,216,22926,3119,319101,3822,5621,692157,7280,780851,79644,79974,8360,9108,0,0,0,0,0,0,0,0,0,0,0,0,0,0,0,0,0,0,0,0,0,0,0,0,0,0,0,0,0,0,0,0,0,0,0,0,0,Creutzfeldt Jakob disease
10939,140451,146057,2296,23152,25894,2672,342371,5521,5582,6310,6311,6314,6712,773,84991,0,0,0,0,0,0,0,0,0,0,0,0,0,0,0,0,0,0,0,0,0,0,0,0,0,0,0,0,0,0,0,0,0,0,0,Ataxia Spinocerebellar
1281,1571,3569,4088,4313,4353,53345,596,5970,6648,7040,7076,7124,79143,80339,847,1036,10840,10855,114757,1268,127,1281,133,135,1373,1440,1544,1586,1733,174,183,1906,213,216,217,2173,219,2247,2326,23491,23600,2542,2645,2688,2690,2805,2875,2939,2944,3082,Liver Cirrhosis Alcoholic
15,3552,3553,4508,4514,4519,4535,4536,4537,4538,4539,4540,4541,4556,6121,9227,0,0,0,0,0,0,0,0,0,0,0,0,0,0,0,0,0,0,0,0,0,0,0,0,0,0,0,0,0,0,0,0,0,0,0,Optic Atrophy Hereditary Leber
10140,1021,1027,1390,1524,1647,1956,257019,257101,2944,2947,3039,3040,3043,3045,3047,3689,3872,5008,51251,5272,54205,55726,5734,6117,6251,7051,7832,79026,79722,83481,8766,940,0,0,0,0,0,0,0,0,0,0,0,0,0,0,0,0,0,0,Chloracne
1374,1401,1535,1536,1555,1557,1636,1839,19,2056,213,2168,2194,2981,3156,3162,3479,3569,38,4481,4627,4790,4803,50507,5054,5076,51085,51094,5465,56729,5742,5743,57817,5970,6347,653361,6720,6721,7040,7124,847,9370,949,9619,968,1026,10665,10736,11136,1191,142,Kidney Failure Chronic
10533,1280,1392,1831,2056,3440,3565,3586,3630,3976,4057,4852,5020,5443,54982,6647,9370,9474,0,0,0,0,0,0,0,0,0,0,0,0,0,0,0,0,0,0,0,0,0,0,0,0,0,0,0,0,0,0,0,0,0,Weight decreased
123263,1355,137682,1738,1892,374291,4508,4514,4535,4536,4537,4538,4540,4541,4566,4567,4577,4578,4695,4720,4722,4723,4724,4728,51204,5428,55572,55699,617,6389,6834,79133,79731,91942,9997,0,0,0,0,0,0,0,0,0,0,0,0,0,0,0,0,Leigh Disease
16,100188846,100188870,100188871,100188872,100188873,100188874,100188875,10019,100301522,101927156,101927840,101928376,10301,117289,1233,1493,150223,150962,154215,2113,23150,23308,284099,29851,31,3115,3117,3119,317782,338332,3600,387357,4026,4650,4660,4774,5341,55892,57178,57514,5771,59067,60468,6311,7052,7473,79258,84162,864,8764,Celiac Disease
9,100287616,1029,1030,10587,120526,1301,144100,196294,23424,26610,2762,344148,4016,4638,51071,5373,54715,55133,60312,7042,8671,0,0,0,0,0,0,0,0,0,0,0,0,0,0,0,0,0,0,0,0,0,0,0,0,0,0,0,0,0,Glaucoma
10451,1813,196,2641,2778,2796,3360,3630,3952,3972,51083,590,6262,6343,7124,7200,7432,0,0,0,0,0,0,0,0,0,0,0,0,0,0,0,0,0,0,0,0,0,0,0,0,0,0,0,0,0,0,0,0,0,0,Tachycardia
11200,2099,324,4519,4556,4576,472,580,5888,672,675,7251,79728,83990,0,0,0,0,0,0,0,0,0,0,0,0,0,0,0,0,0,0,0,0,0,0,0,0,0,0,0,0,0,0,0,0,0,0,0,0,0,Breast Cancer
1158,134,1356,140,1958,2833,3162,3569,4846,5020,5111,5328,54205,5468,551,5601,581,59,5972,6275,6387,6647,6648,7157,7498,871,968,0,0,0,0,0,0,0,0,0,0,0,0,0,0,0,0,0,0,0,0,0,0,0,0,Ischemia
1592,207,2328,26585,324,4163,4595,4913,5743,6648,0,0,0,0,0,0,0,0,0,0,0,0,0,0,0,0,0,0,0,0,0,0,0,0,0,0,0,0,0,0,0,0,0,0,0,0,0,0,0,0,0,Adenomatous Polyposis Coli
10618,163223,163882,1733,1734,3398,3399,3693,51454,6347,687,6926,0,0,0,0,0,0,0,0,0,0,0,0,0,0,0,0,0,0,0,0,0,0,0,0,0,0,0,0,0,0,0,0,0,0,0,0,0,0,0,Thyroid Diseases
17,1312,135,150,3630,387572,5317,54549,57101,57658,619493,677663,887,0,0,0,0,0,0,0,0,0,0,0,0,0,0,0,0,0,0,0,0,0,0,0,0,0,0,0,0,0,0,0,0,0,0,0,0,0,0,Panic Disorder
1139,1141,23171,3757,3764,3784,4535,4567,6324,6330,6331,6532,859,0,0,0,0,0,0,0,0,0,0,0,0,0,0,0,0,0,0,0,0,0,0,0,0,0,0,0,0,0,0,0,0,0,0,0,0,0,0,Sudden infant death syndrome
19,100306938,100306939,1029,10413,11200,1621,23095,238,26038,2778,3082,3265,3456,3845,389421,4004,401237,4233,4513,4609,4613,4826,4830,4893,4914,4915,51144,5243,546,57492,57531,5781,5784,580,590,65018,6790,7015,7054,7153,729177,7869,81704,8289,83593,84181,8743,8929,0,0,Neuroblastoma
10481,11200,2048,4477,4481,4683,6041,60528,6716,672,675,6928,999,0,0,0,0,0,0,0,0,0,0,0,0,0,0,0,0,0,0,0,0,0,0,0,0,0,0,0,0,0,0,0,0,0,0,0,0,0,0,Prostate cancer familial
1019,1040,10409,10653,10769,111,11151,11186,112802,1266,1289,1312,140738,1447,1448,1468,1622,1674,1848,1901,1915,1956,1984,2023,2052,2064,2099,2100,214,2167,2180,2202,2335,23569,26012,2625,2628,2678,2771,2937,301,302,3021,3039,307,3178,324,3265,3399,3400,347733,Stomach Neoplasms
10683,1280,1297,1301,2316,2321,2720,3339,3791,50964,59341,596,6399,7422,9719,0,0,0,0,0,0,0,0,0,0,0,0,0,0,0,0,0,0,0,0,0,0,0,0,0,0,0,0,0,0,0,0,0,0,0,0,Osteochondrodysplasias
10,10257,10568,10599,10769,1191,1244,126393,134,135,1437,1440,150684,1544,1559,1565,1571,1719,2053,213,2243,26762,3106,3107,3162,3357,3479,3484,3562,4254,4363,4524,4548,4552,471,4780,5243,5465,54658,5743,590,5972,6470,6573,6578,6696,6948,7150,7298,84159,8824,Adverse reaction to drug
10939,1822,26278,3746,378884,4758,5274,54982,5621,57465,7248,7957,0,0,0,0,0,0,0,0,0,0,0,0,0,0,0,0,0,0,0,0,0,0,0,0,0,0,0,0,0,0,0,0,0,0,0,0,0,0,0,Myoclonic Epilepsies Progressive
10082,1147,1302,1404,2263,3207,3237,3238,3239,3664,407975,6299,6926,7042,775,8626,0,0,0,0,0,0,0,0,0,0,0,0,0,0,0,0,0,0,0,0,0,0,0,0,0,0,0,0,0,0,0,0,0,0,0,Limb Deformities Congenital
20,3680,4211,6331,6336,64762,6910,7481,83478,857,0,0,0,0,0,0,0,0,0,0,0,0,0,0,0,0,0,0,0,0,0,0,0,0,0,0,0,0,0,0,0,0,0,0,0,0,0,0,0,0,0,Electrocardiogram P R interval
11035,1277,1278,2209,29108,3357,3553,3606,3689,3717,3934,4046,4851,5777,632,6347,6693,6696,7076,729,80781,836,9450,9719,10265,182,1827,1889,1906,1909,196,2138,2348,25836,27125,2767,2776,2812,3091,3198,3200,4524,4624,4851,4879,5243,5308,5460,55315,55534,64220,Heart valve disease
21,1029,10549,10628,10892,10935,1213,2146,22872,238,2735,3106,355,4615,5170,5243,5290,5291,5293,5294,567,5820,596,6198,64411,64434,6502,6648,6649,79080,8085,84433,847,942,9429,973,974,983,1029,10664,1493,1788,355,3662,387,4170,472,4791,5335,5588,581,Diffuse Large B Cell Lymphoma
142,213,2149,2567,27232,3002,3162,3458,356,3630,400499,401237,5168,540,6678,7018,83851,847,89797,9817,0,0,0,0,0,0,0,0,0,0,0,0,0,0,0,0,0,0,0,0,0,0,0,0,0,0,0,0,0,0,0,Hepatitis
10549,23411,2444,3630,3643,407040,4508,5562,5563,5919,6558,79661,948,0,0,0,0,0,0,0,0,0,0,0,0,0,0,0,0,0,0,0,0,0,0,0,0,0,0,0,0,0,0,0,0,0,0,0,0,0,0,Impaired glucose tolerance
10059,10667,26235,4519,4567,4568,4573,4578,4720,4729,54968,55572,56947,91574,9997,0,0,0,0,0,0,0,0,0,0,0,0,0,0,0,0,0,0,0,0,0,0,0,0,0,0,0,0,0,0,0,0,0,0,0,0,Mitochondrial Encephalomyopathies
2554,2560,2566,2638,2752,4049,4128,4129,4842,4988,5591,706,7124,0,0,0,0,0,0,0,0,0,0,0,0,0,0,0,0,0,0,0,0,0,0,0,0,0,0,0,0,0,0,0,0,0,0,0,0,0,0,Hepatic Encephalopathy
22,100131395,100133941,100271694,100271695,100271696,100506047,10055,100616384,101927027,101927314,101928464,101928791,10198,10301,10461,10538,10636,10665,10892,11262,116986,117289,1268,140685,148867,1591,1594,160365,163059,2262,23095,2315,23274,27120,284677,285362,285626,285830,3115,3119,3122,3123,3128,3134,3383,3394,3456,348,3553,3559,Multiple Sclerosis
1153,351,4162,4803,5368,5443,5743,6863,6869,7124,796,81693,0,0,0,0,0,0,0,0,0,0,0,0,0,0,0,0,0,0,0,0,0,0,0,0,0,0,0,0,0,0,0,0,0,0,0,0,0,0,0,Neurogenic Inflammation
23,100188803,100188804,10019,100190928,100196918,100322878,100379200,3,100532732,100874048,1027,10318,10320,11277,1191,121260,1380,1389,1401,1445,170682,1773,1776,1997,2113,219285,2212,2213,2214,221527,221895,23274,23294,23534,25780,26191,283742,2842,286016,306,3092,3117,3120,3123,356,3565,3569,3586,3593,3663,Lupus Erythematosus Systemic
10891,142,23411,2670,51024,5538,55669,6198,6855,7019,0,0,0,0,0,0,0,0,0,0,0,0,0,0,0,0,0,0,0,0,0,0,0,0,0,0,0,0,0,0,0,0,0,0,0,0,0,0,0,0,0,Ceroid lipofuscinosis neuronal 1 infantile
10491,1277,1278,5176,5479,60681,64175,649,7471,871,90993,10491,121340,1277,1278,5176,5479,55151,60681,6678,7471,0,0,0,0,0,0,0,0,0,0,0,0,0,0,0,0,0,0,0,0,0,0,0,0,0,0,0,0,0,0,Osteogenesis imperfecta type III disorder
229,2919,3458,3558,3565,3567,3569,3578,3586,3596,3606,3952,50616,6347,6352,7040,716,0,0,0,0,0,0,0,0,0,0,0,0,0,0,0,0,0,0,0,0,0,0,0,0,0,0,0,0,0,0,0,0,0,0,Hepatitis Autoimmune
10,10013,100188789,10040,1012,10158,101669767,10207,10257,1026,10263,1027,10333,10397,10417,10439,10451,10481,10499,10516,10551,10587,10625,10809,10857,10928,10945,10948,10951,10955,10961,11005,11009,11176,11178,11187,11200,114609,116113,1191,12,1200,1266,1312,1316,1317,1365,1366,136991,1387,1410,Prostatic Neoplasms
126328,25915,29078,374291,4694,4709,4715,4719,4720,4722,4723,4724,4726,4728,4729,51103,55572,79133,80224,91942,0,0,0,0,0,0,0,0,0,0,0,0,0,0,0,0,0,0,0,0,0,0,0,0,0,0,0,0,0,0,0,NADHQ1 Oxidoreductase deficiency
10046,11336,132,139189,1768,23498,26585,285740,285943,29080,3200,3201,3284,3778,463,467,60678,6764,8887,0,0,0,0,0,0,0,0,0,0,0,0,0,0,0,0,0,0,0,0,0,0,0,0,0,0,0,0,0,0,0,0,Hypospadias
1010,1029,142,1437,1440,170679,170680,1728,1733,1838,2052,2261,23492,23495,23532,2952,3105,3315,3440,3569,3662,3981,4170,4582,54986,55892,5744,595,596,598,6347,664,6648,6678,694,84458,8701,942,9862,0,0,0,0,0,0,0,0,0,0,0,0,Multiple Myeloma
24,10062,1051,123,1281,1571,1588,2147,2149,23411,26291,284111,2875,2876,3032,3087,3169,330,338,3440,3576,3630,3949,3952,406903,406924,406931,406942,406946,406952,406959,406974,407040,412,4143,442892,4547,4609,494333,5054,51547,540,54205,5443,5465,5467,574434,574506,5757,6514,664617,Fatty Liver
1401,1437,3117,3123,3162,3458,3553,3569,3576,3586,3587,387582,6556,7124,0,0,0,0,0,0,0,0,0,0,0,0,0,0,0,0,0,0,0,0,0,0,0,0,0,0,0,0,0,0,0,0,0,0,0,0,0,Leishmaniasis Visceral
10309,115948,123872,161582,1767,1769,221421,23639,25981,27019,345643,345895,352909,388389,51364,54768,55036,55130,55172,56683,64446,6674,83544,83861,85478,89765,92749,93233,0,0,0,0,0,0,0,0,0,0,0,0,0,0,0,0,0,0,0,0,0,0,0,Kartagener Syndrome
25,102724068,108,10814,10815,1109,11320,1312,132160,1463,149465,157,160851,167681,1812,1816,22854,23345,23383,245,26011,27074,285375,287015,288,2898,2908,2917,2931,2932,3356,341880,3630,3697,3702,4524,4729,4774,4914,4915,51196,5142,5265,5443,55304,5649,5816,6258,627,6285,6526,Bipolar Disorder
116443,1906,1909,4846,5617,596,598,6462,7422,7432,0,0,0,0,0,0,0,0,0,0,0,0,0,0,0,0,0,0,0,0,0,0,0,0,0,0,0,0,0,0,0,0,0,0,0,0,0,0,0,0,0,Erectile dysfunction
132884,23322,27077,51057,51259,54903,57096,57545,65062,79583,79848,79867,80184,80776,91147,0,0,0,0,0,0,0,0,0,0,0,0,0,0,0,0,0,0,0,0,0,0,0,0,0,0,0,0,0,0,0,0,0,0,0,0,Meckel Gruber syndrome
111,153,254251,284276,3077,4153,5168,5444,54901,8091,0,0,0,0,0,0,0,0,0,0,0,0,0,0,0,0,0,0,0,0,0,0,0,0,0,0,0,0,0,0,0,0,0,0,0,0,0,0,0,0,0,Birth Weight
100,100187724,100188314,100188317,100188816,100188820,100188832,1007,1008,101928890,10771,11141,11281,1137,1139,1141,114788,116442,116987,117583,121278,1312,133,1356,139411,140733,151556,152330,152789,154,158,1588,1600,1610,170572,1717,1719,1745,1746,18,1806,1812,1814,192683,1950,1959,200150,2020,205428,2131,220,Autistic Disorder
27,100302514,100918,1120,1375,1512,22891,3060,3062,3119,3123,386593,4340,494446,5032,5179,56342,6863,692229,692312,6955,6957,7200,7292,8835,0,0,0,0,0,0,0,0,0,0,0,0,0,0,0,0,0,0,0,0,0,0,0,0,0,0,Narcolepsy
121278,1392,1440,2488,3350,3356,3440,3458,3552,3553,3558,3569,3576,374569,4598,4842,5443,5617,6648,7124,7132,0,0,0,0,0,0,0,0,0,0,0,0,0,0,0,0,0,0,0,0,0,0,0,0,0,0,0,0,0,0,Fever
134,1906,2353,240,2920,3329,3383,3569,3572,3726,4318,467,4803,5327,5328,5337,56848,6347,6354,6648,6774,7130,718,7498,871,0,0,0,0,0,0,0,0,0,0,0,0,0,0,0,0,0,0,0,0,0,0,0,0,0,0,Infarction Middle Cerebral Artery
10052,100528007,10451,1071,10911,10928,111,11255,114818,118,1187,119032,1215,1277,1281,128611,1395,1401,140733,143872,1490,150,153,1535,1536,1543,156,1636,1813,183,185,186,1889,1906,1908,1909,196,2006,2056,210,213,2160,2161,221357,2242,23327,2335,2353,246,2475,26,Hypertensive disease
28,1016,101928661,5,10981,114134,124460,1327,135138,144811,149233,283234,400757,4049,50514,5071,55509,6556,7096,7097,79747,81861,8767,8778,9173,9966,0,0,0,0,0,0,0,0,0,0,0,0,0,0,0,0,0,0,0,0,0,0,0,0,0,Leprosy
9,10019,100233226,10891,1152,1158,134,1385,1390,140,153090,1636,1649,183,1952,2056,2099,2147,2153,2162,221458,221692,23228,2626,2678,2729,2730,2932,3240,3291,3309,3383,3440,348,3553,3557,3569,3586,3690,375056,3816,3939,3957,4049,4306,4313,4318,440823,4625,472,4843,Myocardial Infarction
213,2205,240,2944,3115,3119,3123,3176,3383,3553,3606,4353,6401,7040,7124,7412,0,0,0,0,0,0,0,0,0,0,0,0,0,0,0,0,0,0,0,0,0,0,0,0,0,0,0,0,0,0,0,0,0,0,0,Urticaria
151648,1636,183,1906,2100,2697,287,2992,3360,3757,3759,3827,4986,4987,54805,5502,551,5743,7200,775,102724814,1143,123099,143,151126,162333,2099,221079,284252,2890,29994,466,51196,84441,85461,8906,98,10060,111,116,135,142,1431,1432,154,1559,156,1756,1824,1829,183,Cardiac Arrhythmia
1356,148738,30061,3077,3240,4891,57817,650,654,6718,7036,7124,0,0,0,0,0,0,0,0,0,0,0,0,0,0,0,0,0,0,0,0,0,0,0,0,0,0,0,0,0,0,0,0,0,0,0,0,0,0,0,Hemochromatosis
10232,1029,11009,1209,1268,1269,1499,1616,1647,1806,1890,196,2030,2202,2258,23022,2494,2543,27086,28,3091,3439,3440,3442,3576,3651,3791,3845,4061,4072,4221,4318,4609,472,4792,5328,5349,54465,546,5468,5727,5728,5743,5744,5909,5925,598,6648,6690,672,675,Lymphoma
10216,117579,1280,207,23028,23476,2740,3091,3162,3315,3578,3596,3775,3949,4143,4318,4613,4780,4968,5290,5597,5743,595,6934,7040,7538,0,0,0,0,0,0,0,0,0,0,0,0,0,0,0,0,0,0,0,0,0,0,0,0,0,Hyperplasia
10887,1268,1312,133,1392,1437,1440,1813,1906,207,213,23236,2643,27185,2902,3060,3082,3084,3231,3269,3350,3363,3440,3557,3558,358,3827,400680,4878,4923,4986,5020,5173,5179,5368,5443,551,623,624,6548,6863,7124,7200,7432,7442,781,8989,9177,0,0,0,Pain
9,100307118,100307119,100307120,100307121,100307122,100307123,130540,26166,2736,353238,3569,378805,3852,3872,4157,434,51151,5727,5921,6608,7015,7053,7157,7299,7507,7517,81037,8643,100124700,100507436,1012,101929072,1027,1029,1033,10468,10476,1050,1051,1052,10537,10553,10788,10961,10987,11315,117145,118,122953,1230,Carcinoma
10460,1555,1562,1956,2260,2261,3417,346288,4255,4792,5447,5468,6867,7157,7422,8216,0,0,0,0,0,0,0,0,0,0,0,0,0,0,0,0,0,0,0,0,0,0,0,0,0,0,0,0,0,0,0,0,0,0,0,gliosarcoma
1152,1158,1401,2023,2597,2923,2934,2950,3312,3329,338382,3690,3945,397,4318,462,5069,5444,5689,6648,7099,71,7124,7137,7139,7171,7414,7431,81027,832,84790,0,0,0,0,0,0,0,0,0,0,0,0,0,0,0,0,0,0,0,0,Acute Coronary Syndrome
1001,11249,1301,1586,1675,186,221472,245972,2554,25789,266,283,2857,3549,391051,4237,4790,5071,51643,5195,55110,55699,56287,5734,5742,6125,6424,7025,7111,713,784,8174,91937,931,9397,102800310,1306,1366,171024,257202,25976,28,284654,29086,401022,442913,4905,5290,54361,57522,6928,Ovarian Diseases
10000,100196913,100329170,100507431,100528007,100528016,1012,101927134,101927279,101928630,101928882,10198,102724457,10274,10641,10659,10718,10752,10806,10814,10815,1108,1116,11278,113,1136,115111,116369,116987,1182,119032,119749,1268,1281,131177,1312,132200,133482,1356,146279,147657,147929,152330,160777,1610,166378,1739,1806,1812,1813,1814,Schizophrenia
100128977,10144,1832,23250,255520,5073,51750,5328,54472,6440,653509,7012,7015,727897,729238,79991,91039,0,0,0,0,0,0,0,0,0,0,0,0,0,0,0,0,0,0,0,0,0,0,0,0,0,0,0,0,0,0,0,0,0,0,Idiopathic Pulmonary Fibrosis
2253,2619,2736,28514,4838,50937,5727,6469,6496,6997,7050,7546,84976,8928,2253,2619,2736,28514,4838,50937,5727,6469,6496,6997,7050,7546,84976,8928,0,0,0,0,0,0,0,0,0,0,0,0,0,0,0,0,0,0,0,0,0,0,0,Holoprosencephaly
1675,1789,3075,3953,57724,713,718,720,727,731,732,735,7535,775,8547,916,948,0,0,0,0,0,0,0,0,0,0,0,0,0,0,0,0,0,0,0,0,0,0,0,0,0,0,0,0,0,0,0,0,0,0,Immunologic Deficiency Syndromes
131669,1356,1960,22,2554,2557,348980,372,4864,538,6334,6513,773,785,9254,0,0,0,0,0,0,0,0,0,0,0,0,0,0,0,0,0,0,0,0,0,0,0,0,0,0,0,0,0,0,0,0,0,0,0,0,Ataxia
10002,10210,10461,10594,123016,1258,1259,130557,138050,1406,145226,22926,23020,23418,23568,23746,24,24148,25794,26121,26160,2979,3000,3420,346007,3614,375298,388939,4117,4647,4751,4901,50939,5145,5148,5158,55812,55857,55975,57096,57709,583,5949,5961,5995,6010,6017,6094,6100,6101,6102,Retinitis Pigmentosa
1314,1409,1415,2091,2157,2213,23411,26191,2833,3156,3240,3263,3313,3458,355,3565,3569,3605,5175,5196,54414,567,57379,5913,5949,6648,6774,7132,716,721,7293,940,959,0,0,0,0,0,0,0,0,0,0,0,0,0,0,0,0,0,0,Autoimmune Diseases
1440,2984,3440,3552,3557,4057,4645,5697,6550,929,0,0,0,0,0,0,0,0,0,0,0,0,0,0,0,0,0,0,0,0,0,0,0,0,0,0,0,0,0,0,0,0,0,0,0,0,0,0,0,0,0,Diarrhea
1000,10059,10462,1052,10611,1075,10928,10959,10965,1153,117579,1326,1329,1375,1398,1401,1432,153,154,1634,166,1737,183,1843,1848,1906,1959,2006,201475,2029,203,2150,2152,2171,2246,2247,226,22919,23491,2628,2634,2643,2690,27020,2710,2729,2768,28984,2920,2938,2946,Myocardial Ischemia
100188321,100188807,100188808,100188825,117191,118,1577,183,185,1889,2784,387575,444980,481,4843,4846,50986,51320,5740,6401,8490,0,0,0,0,0,0,0,0,0,0,0,0,0,0,0,0,0,0,0,0,0,0,0,0,0,0,0,0,0,0,Essential Hypertension
1544,3953,4591,5184,5465,55315,8856,9474,9719,9970,0,0,0,0,0,0,0,0,0,0,0,0,0,0,0,0,0,0,0,0,0,0,0,0,0,0,0,0,0,0,0,0,0,0,0,0,0,0,0,0,0,Hepatomegaly
10367,10599,1376,1440,1508,213,2170,270,3094,3156,3363,3553,3630,383,4089,4128,440275,4549,4571,4572,5465,5837,5913,7040,7136,7273,729920,84466,9177,0,0,0,0,0,0,0,0,0,0,0,0,0,0,0,0,0,0,0,0,0,0,Myopathy
1356,191,2,308,348,3569,3576,3586,4015,4017,438,4713,540,54949,5530,5532,5621,56899,57817,635,6622,7076,7124,815,0,0,0,0,0,0,0,0,0,0,0,0,0,0,0,0,0,0,0,0,0,0,0,0,0,0,0,Hepatolenticular Degeneration
1055,158326,182,285590,30813,317,324,3340,55764,6469,657,658,7020,7042,7048,729920,0,0,0,0,0,0,0,0,0,0,0,0,0,0,0,0,0,0,0,0,0,0,0,0,0,0,0,0,0,0,0,0,0,0,0,Eye Abnormalities
10370,114907,1499,207,25937,2688,270,2932,3479,3757,6647,7274,84676,0,0,0,0,0,0,0,0,0,0,0,0,0,0,0,0,0,0,0,0,0,0,0,0,0,0,0,0,0,0,0,0,0,0,0,0,0,0,Muscular Atrophy
10367,1565,1813,1814,3356,5155,5159,5617,6575,80704,8622,9213,0,0,0,0,0,0,0,0,0,0,0,0,0,0,0,0,0,0,0,0,0,0,0,0,0,0,0,0,0,0,0,0,0,0,0,0,0,0,0,Basal Ganglia Diseases
1548,2903,3113,3115,3240,3439,3440,3455,3456,3458,3459,3588,4015,4017,6554,7332,0,0,0,0,0,0,0,0,0,0,0,0,0,0,0,0,0,0,0,0,0,0,0,0,0,0,0,0,0,0,0,0,0,0,0,Hepatitis B
100529262,100529264,10144,10411,11097,1136,1138,123688,132320,1543,1544,170679,170680,1740,192668,200373,2052,260431,283229,3066,3107,311,3162,3356,338811,3576,3658,388815,4312,4318,4323,4843,4846,5265,57484,59341,6441,64478,6649,7040,7042,7124,7139,7157,7356,79890,80150,80195,925,977,9914,Chronic Obstructive Airway Disease
100126572,100170841,10038,10057,10125,10129,1020,1022,10257,1029,10461,10561,10577,10592,10643,1066,1071,10732,10859,10891,10908,11006,11056,1111,11190,113510,114785,114880,115265,1158,1200,1244,126129,1299,1396,142,1437,1440,1493,151126,154,1544,157313,1582,1588,1591,159162,1612,1617,1621,1633,Peripheral Neuropathy
10266,10569,11167,11217,114882,1268,140609,1509,1565,1783,1813,2199,2246,22919,23014,23022,23164,23365,23683,25932,26037,26040,2688,26958,2784,284119,285172,2888,2934,302,308,323,3358,34,3488,351,3929,3952,412,4134,4199,4232,4321,4430,4651,4715,4811,4883,5020,51091,51141,Weight Gain
182,204,23562,2706,2707,375611,4089,4286,4549,494513,5077,5424,627,65217,776,83715,84947,9381,0,0,0,0,0,0,0,0,0,0,0,0,0,0,0,0,0,0,0,0,0,0,0,0,0,0,0,0,0,0,0,0,0,Deafness
10806,22897,26146,261734,27031,27130,4867,57728,80184,9657,0,0,0,0,0,0,0,0,0,0,0,0,0,0,0,0,0,0,0,0,0,0,0,0,0,0,0,0,0,0,0,0,0,0,0,0,0,0,0,0,0,Renal dysplasia and retinal aplasia disorder
100190790,100190791,10082,10814,1137,1141,114784,121278,1268,1312,143689,158067,1804,1813,1815,1816,200373,201134,2013,2245,22801,23245,23284,28964,2911,2915,2917,2918,3682,388815,412,4122,4204,4336,450087,450088,450089,450090,5789,6531,6869,83706,9914,0,0,0,0,0,0,0,0,Attention deficit hyperactivity disorder
10370,137814,140628,1482,182,2262,2296,2303,23414,2626,2627,2657,2702,6899,8829,8928,9464,0,0,0,0,0,0,0,0,0,0,0,0,0,0,0,0,0,0,0,0,0,0,0,0,0,0,0,0,0,0,0,0,0,0,Tetralogy of Fallot
1410,2056,23411,2495,2668,2878,2936,2944,2946,2948,2949,3060,3162,347,351,3569,3620,4137,4257,4803,4804,5265,5311,5413,54902,5663,56894,6414,6622,6648,6709,7431,80025,8622,8942,9118,9446,0,0,0,0,0,0,0,0,0,0,0,0,0,0,Neurodegenerative Disorders
1012,1592,23373,2520,3082,3576,4170,5468,56475,5743,5970,6548,6750,81696,8854,8856,0,0,0,0,0,0,0,0,0,0,0,0,0,0,0,0,0,0,0,0,0,0,0,0,0,0,0,0,0,0,0,0,0,0,0,Barrett Esophagus
100288805,10082,10159,10238,10253,10265,10269,1055,10683,10743,11127,11285,113189,116442,1280,1301,1302,1404,1452,145258,146862,1499,152330,1745,1746,1749,1750,1788,1789,1827,1836,1889,1902,1906,1909,1956,2074,2077,2114,2138,2239,2245,2248,2253,2260,2263,2299,2303,23169,23314,2332,Craniofacial Abnormalities
10327,11315,1839,2023,217,3313,333929,34,3957,4057,4843,4846,4942,51084,6648,6652,7099,0,0,0,0,0,0,0,0,0,0,0,0,0,0,0,0,0,0,0,0,0,0,0,0,0,0,0,0,0,0,0,0,0,0,Necrotizing Enterocolitis
1071,133522,154,155,2641,324,338,348,3667,3949,3953,3990,4010,4023,4846,5465,79661,0,0,0,0,0,0,0,0,0,0,0,0,0,0,0,0,0,0,0,0,0,0,0,0,0,0,0,0,0,0,0,0,0,0,Hyperlipidemia
1030,1495,1612,2056,2146,23236,26040,2624,3077,4066,4609,546,54790,55512,7307,8788,8837,8877,0,0,0,0,0,0,0,0,0,0,0,0,0,0,0,0,0,0,0,0,0,0,0,0,0,0,0,0,0,0,0,0,0,MYELODYSPLASTIC SYNDROME
10840,132,1358,1431,1504,1757,191,1958,2098,229,2597,2778,335,37,4353,468,4830,4842,4846,4878,506,5106,5173,5327,5443,60,6187,6208,627,6648,7035,7086,768,0,0,0,0,0,0,0,0,0,0,0,0,0,0,0,0,0,0,Anoxia
10397,107,11228,1152,121256,1284,1387,1440,169044,1956,1993,201229,2033,2045,2260,22982,23314,26047,2899,2918,3398,3642,3815,429,4297,4610,551,55605,57088,5728,57683,5925,6597,6657,7157,7161,8570,862,9353,9425,9699,9774,348,3553,3576,3791,3845,3856,4233,4288,4297,Small cell carcinoma of lung
101927235,102724058,10617,1106,112755,1128,1129,1131,116442,150,207,2081,213,22953,2316,23271,2348,2353,2354,2562,26047,26053,2670,2876,2903,2904,2911,348980,3611,375449,3756,3785,4208,4317,4852,4887,4985,4988,5025,5099,5243,5428,5443,57282,57468,57526,5789,627,6323,6326,6334,Epilepsy
1029,11186,1543,1571,2052,2072,2944,2952,3091,328,4029,4255,5520,5527,5529,6531,7507,7508,7515,0,0,0,0,0,0,0,0,0,0,0,0,0,0,0,0,0,0,0,0,0,0,0,0,0,0,0,0,0,0,0,0,Micronuclei Chromosome Defective
1312,1392,1813,1814,1965,2056,2332,27125,282808,348,3481,351,4089,4233,5021,57282,5743,590,6505,6532,7248,7432,7592,0,0,0,0,0,0,0,0,0,0,0,0,0,0,0,0,0,0,0,0,0,0,0,0,0,0,0,0,Cognition Disorders
101928376,10665,22806,23228,23274,23534,3592,3594,3595,3663,4664,51300,5450,5890,6689,6775,7132,730109,79258,84961,8986,9844,9966,0,0,0,0,0,0,0,0,0,0,0,0,0,0,0,0,0,0,0,0,0,0,0,0,0,0,0,0,Primary biliary cirrhosis
1312,1644,3440,4010,4128,4842,5243,5443,54487,7225,7504,0,0,0,0,0,0,0,0,0,0,0,0,0,0,0,0,0,0,0,0,0,0,0,0,0,0,0,0,0,0,0,0,0,0,0,0,0,0,0,0,Mental disorders
10142,1832,23171,287,3753,3757,3759,3784,5443,5728,6262,6331,6640,775,859,9992,0,0,0,0,0,0,0,0,0,0,0,0,0,0,0,0,0,0,0,0,0,0,0,0,0,0,0,0,0,0,0,0,0,0,0,Long QT Syndrome
100128714,1363,1489,154,1956,196,23411,2688,2778,2878,3159,3162,3164,32,3290,3483,3485,3630,3643,3667,367,3767,3952,3953,3990,412,4160,4846,5295,5360,5465,5468,5562,5563,56729,5728,57761,6414,6517,6648,6720,6721,7124,718,79661,8013,834,9370,948,0,0,Insulin Resistance
1152,1158,1215,1277,1281,155,1636,183,1839,186,1906,196,2335,2475,2548,4609,4878,5530,5534,58,5972,6198,6794,9518,0,0,0,0,0,0,0,0,0,0,0,0,0,0,0,0,0,0,0,0,0,0,0,0,0,0,0,Left Ventricular Hypertrophy
10417,2919,3383,3557,3596,4803,5742,6347,6863,7432,796,80332,8989,0,0,0,0,0,0,0,0,0,0,0,0,0,0,0,0,0,0,0,0,0,0,0,0,0,0,0,0,0,0,0,0,0,0,0,0,0,0,Bronchial Hyperreactivity
10736,1191,120237,1270,1387,1471,1509,1639,170825,2251,2326,2353,2554,2637,2664,2670,27040,283,2892,3297,331,340990,3718,3727,3797,3949,4744,5154,5179,5444,5630,598,6256,6404,6464,6615,6647,682,7074,7090,7114,7124,7431,7476,794,834,9118,924,968,0,0,AMYOTROPHIC LATERAL SCLEROSIS 1
1312,183,2746,284276,3480,3481,4846,4998,5972,6647,0,0,0,0,0,0,0,0,0,0,0,0,0,0,0,0,0,0,0,0,0,0,0,0,0,0,0,0,0,0,0,0,0,0,0,0,0,0,0,0,0,Fetal Growth Retardation
117190,2619,3244,4838,57045,5727,6469,6496,6997,7050,0,0,0,0,0,0,0,0,0,0,0,0,0,0,0,0,0,0,0,0,0,0,0,0,0,0,0,0,0,0,0,0,0,0,0,0,0,0,0,0,0,Holoprosencephaly
1280,1356,1401,1786,1956,196,213,2180,2182,2932,3458,3553,3565,3569,3586,3596,3605,3952,406943,4314,4353,4982,51703,5243,5734,5897,6288,6424,6772,6774,6863,7124,7422,796,81567,847,90865,9173,9370,969,0,0,0,0,0,0,0,0,0,0,0,Arthritis Experimental
10763,1565,1839,2247,4803,4908,5020,5443,590,627,0,0,0,0,0,0,0,0,0,0,0,0,0,0,0,0,0,0,0,0,0,0,0,0,0,0,0,0,0,0,0,0,0,0,0,0,0,0,0,0,0,Tonic Clonic Epilepsy
1000,10061,10131,10330,10347,10528,10549,10574,10628,1075,1081,10935,11200,1182,1201,1386,1475,1508,154664,1548,1642,1798,1950,1956,1969,2064,2065,2099,2247,2286,23,23028,23201,2321,23246,23586,26135,267,27034,27131,27339,28973,28998,2950,29777,29894,3191,3265,328,3420,354,Disease Progression
10269,1282,1490,183,1906,2335,23607,26762,2776,4358,4627,4628,4843,4868,5054,5111,59,64423,6696,7040,7827,81,0,0,0,0,0,0,0,0,0,0,0,0,0,0,0,0,0,0,0,0,0,0,0,0,0,0,0,0,0,Focal glomerulosclerosis
10460,1956,2260,2261,3417,346288,4255,4792,5468,6867,7157,8216,0,0,0,0,0,0,0,0,0,0,0,0,0,0,0,0,0,0,0,0,0,0,0,0,0,0,0,0,0,0,0,0,0,0,0,0,0,0,0,Giant Cell Glioblastoma
10564,10577,113246,116461,127343,1859,25930,271,284111,3785,51133,54617,5813,6323,6326,8785,93627,93649,9871,0,0,0,0,0,0,0,0,0,0,0,0,0,0,0,0,0,0,0,0,0,0,0,0,0,0,0,0,0,0,0,0,Seizure Adverse Event
132789,2696,2813,3270,4160,5122,5443,54901,5607,627,687,7021,79068,89866,0,0,0,0,0,0,0,0,0,0,0,0,0,0,0,0,0,0,0,0,0,0,0,0,0,0,0,0,0,0,0,0,0,0,0,0,0,Body Weight
1268,1827,2166,2668,3064,4128,4129,4968,51447,56616,6515,9131,0,0,0,0,0,0,0,0,0,0,0,0,0,0,0,0,0,0,0,0,0,0,0,0,0,0,0,0,0,0,0,0,0,0,0,0,0,0,0,Huntington Disease
1021,10397,1116,1475,1476,1501,1508,1513,182,1848,1950,1956,2195,2335,23462,23476,23512,2355,23635,26136,2668,2952,3020,3091,324,3280,3440,346288,3553,3558,3576,3714,4194,4233,4255,4313,4318,4609,4763,4851,4853,4854,5071,5292,5371,5747,590,648,7052,7422,7490,Glioblastoma
1490,158326,1732,23414,2626,2627,3480,3482,3643,4654,53834,7490,0,0,0,0,0,0,0,0,0,0,0,0,0,0,0,0,0,0,0,0,0,0,0,0,0,0,0,0,0,0,0,0,0,0,0,0,0,0,0,Congenital diaphragmatic hernia
3,10318,10665,170679,170680,219285,221895,23294,23534,286016,2887,3113,3115,3119,3122,3663,3684,388,4855,54899,6660,6775,79932,919,9474,0,0,0,0,0,0,0,0,0,0,0,0,0,0,0,0,0,0,0,0,0,0,0,0,0,0,Systemic Scleroderma
10321,10468,1048,10561,10615,10666,10824,11009,1277,1278,1288,1289,1290,1291,1293,1298,1305,1440,1543,1591,1719,1842,185,1893,2012,2252,22924,2335,23753,23767,251,2537,26998,27159,2744,3026,3292,3430,3446,3479,348,3481,3484,3486,3489,3553,3568,3569,3578,3589,3593,Spontaneous abortion
9,100316847,100415894,100415895,100533107,1029,1030,1116,11170,1233,137196,1657,1755,1956,2064,2247,2260,23187,23362,23512,2495,2668,2950,3020,3105,3106,3107,338030,3417,347,3592,3593,3925,404685,4192,4255,4436,4602,4603,4638,4763,482,4914,4915,4916,51750,5347,546,5468,55294,55717,Glioma
2247,2670,27242,2918,3672,3673,3676,3678,3688,3690,3691,3777,5594,5595,627,7143,0,0,0,0,0,0,0,0,0,0,0,0,0,0,0,0,0,0,0,0,0,0,0,0,0,0,0,0,0,0,0,0,0,0,0,Gliosis
10069,10215,10311,10317,10600,10694,11096,116159,116448,150082,150084,1637,1826,1827,1859,2078,2114,23515,23562,2551,25825,25966,2618,2623,26285,2897,29104,2946,29980,30811,3141,3150,3454,3455,3460,351,3576,3588,3753,3763,3772,406947,4513,4524,4548,4599,4600,4685,4908,5121,51227,Down Syndrome
114876,1356,1786,23315,2896,351,4137,54209,54498,5819,6531,0,0,0,0,0,0,0,0,0,0,0,0,0,0,0,0,0,0,0,0,0,0,0,0,0,0,0,0,0,0,0,0,0,0,0,0,0,0,0,0,Dementia
101929279,1080,1268,1269,213,26471,3082,3117,3123,3630,4023,4353,5530,5644,5743,6690,6750,7442,79710,885,9075,0,0,0,0,0,0,0,0,0,0,0,0,0,0,0,0,0,0,0,0,0,0,0,0,0,0,0,0,0,0,Pancreatitis
191,2593,2729,383,4143,4329,440275,5625,5723,728294,7508,79048,9056,0,0,0,0,0,0,0,0,0,0,0,0,0,0,0,0,0,0,0,0,0,0,0,0,0,0,0,0,0,0,0,0,0,0,0,0,0,0,Amino Acid Metabolism Inborn Errors
1356,1636,183,2262,2776,29108,3569,3630,3953,406919,406937,406947,4690,4868,494336,5743,5972,6648,7124,7827,834,8440,85480,952,0,0,0,0,0,0,0,0,0,0,0,0,0,0,0,0,0,0,0,0,0,0,0,0,0,0,0,Albuminuria
10699,1356,150142,1636,183,1906,2052,219736,2259,23077,2321,23526,23564,308,3162,3624,4846,5054,5177,6337,780908,780909,0,0,0,0,0,0,0,0,0,0,0,0,0,0,0,0,0,0,0,0,0,0,0,0,0,0,0,0,0,Pre Eclampsia
1000,1139,1141,120892,1268,1270,134,1356,147,1499,1644,1965,2056,2057,2114,2147,2247,23287,23400,2896,2906,2914,334,3458,3479,348,3481,351,3761,3763,3952,4287,4359,4803,4804,4842,4908,4909,4968,5015,5071,51542,51738,5327,54541,5468,5594,5595,5663,578,581,Nerve Degeneration
10461,2147,2153,2155,2161,2621,3717,4018,5327,5328,5624,5627,0,0,0,0,0,0,0,0,0,0,0,0,0,0,0,0,0,0,0,0,0,0,0,0,0,0,0,0,0,0,0,0,0,0,0,0,0,0,0,Thromboembolism
134,27429,3611,54205,572,57447,6647,6648,718,842,3945,3952,3953,396,3996,400500,4017,4046,406894,406902,406903,406913,406914,406921,406933,406937,406938,406984,406985,406988,406989,406996,407006,407007,407013,407021,4118,4193,4194,4211,4214,4240,4282,4283,4288,43,4311,4312,4313,4314,4318,Transient Ischemic Attack
1051,1128,120,1233,142,1636,1958,213,2147,2153,23765,27113,2876,3091,3383,3552,3553,3557,3569,3588,3594,3605,3606,3627,3725,41,4318,4353,4524,4790,4792,4843,5327,5328,54205,5594,5595,5604,56616,5743,5925,5970,627,6347,6348,6351,6356,6401,6647,6648,6774,Brain Ischemia
10015,100188821,100286836,10085,10131,10149,10449,10466,10484,10536,10971,10989,11062,1116,1191,1192,1278,1280,1292,1311,1509,1645,1646,1654,1808,1938,2023,205,2098,2108,23263,23321,2487,2512,25932,2597,26275,26354,27071,2744,2920,3030,3418,3419,3553,373156,4054,4088,4148,4478,4723,Degenerative polyarthritis
10133,1435,23165,5131,5371,79890,81501,8792,8878,94003,0,0,0,0,0,0,0,0,0,0,0,0,0,0,0,0,0,0,0,0,0,0,0,0,0,0,0,0,0,0,0,0,0,0,0,0,0,0,0,0,0,Osteitis Deformans
7124,291,335,3479,3630,3816,488,6262,6696,0,0,0,0,0,0,0,0,0,0,0,0,0,0,0,0,0,0,0,0,0,0,0,0,0,0,0,0,0,0,0,0,0,0,0,0,0,0,0,0,0,0,Diabetic Cardiomyopathies
1409,1414,1415,1417,1421,146862,2700,4284,4810,631,7466,79443,0,0,0,0,0,0,0,0,0,0,0,0,0,0,0,0,0,0,0,0,0,0,0,0,0,0,0,0,0,0,0,0,0,0,0,0,0,0,0,Nuclear cataract
100126315,100126318,10014,10243,10280,1066,10919,1133,1268,1312,1385,1392,1393,1394,1395,1769,1812,1813,1814,1958,2100,2222,2247,23237,2353,2354,23780,2550,2555,2566,2571,2572,26086,2668,27161,2890,2891,2902,2908,2915,3060,3061,3350,3351,3356,3611,3727,374868,401145,406919,406927,Cocaine Related Disorders
3552,3553,4511,4514,4535,4538,4540,4541,4558,4567,4572,4574,4719,6647,6648,0,0,0,0,0,0,0,0,0,0,0,0,0,0,0,0,0,0,0,0,0,0,0,0,0,0,0,0,0,0,0,0,0,0,0,0,MELAS Syndrome
3552,3553,3569,4553,4568,4569,4578,50484,7124,7416,0,0,0,0,0,0,0,0,0,0,0,0,0,0,0,0,0,0,0,0,0,0,0,0,0,0,0,0,0,0,0,0,0,0,0,0,0,0,0,0,0,Mitochondrial Myopathies
1012,1061,128674,1312,135,137868,1565,158038,1604,1812,1813,1814,1815,2052,207,2272,22913,23090,23245,23305,23307,23362,2353,2566,26289,26575,26577,2668,2912,2944,2950,2952,3084,313,3351,3359,3362,340267,344558,409,43,4645,4842,4886,4988,5104,5142,5144,5146,5173,5327,Amphetamine Related Disorders
10319,10617,11277,1356,1548,213,3456,3458,351,4143,4353,4968,6341,6505,7054,7248,7249,7298,80169,8635,8851,9152,0,0,0,0,0,0,0,0,0,0,0,0,0,0,0,0,0,0,0,0,0,0,0,0,0,0,0,0,0,Brain Diseases
1071,196,3240,338,3949,3953,4023,51129,5360,540,5465,5468,55219,64240,79661,8701,8876,0,0,0,0,0,0,0,0,0,0,0,0,0,0,0,0,0,0,0,0,0,0,0,0,0,0,0,0,0,0,0,0,0,0,Dyslipidemias
1636,2730,3115,3116,3123,3559,3569,56244,7040,7124,940,0,0,0,0,0,0,0,0,0,0,0,0,0,0,0,0,0,0,0,0,0,0,0,0,0,0,0,0,0,0,0,0,0,0,0,0,0,0,0,0,Berylliosis
1594,3569,4982,5741,5744,6569,7124,796,799,846,8600,9365,0,0,0,0,0,0,0,0,0,0,0,0,0,0,0,0,0,0,0,0,0,0,0,0,0,0,0,0,0,0,0,0,0,0,0,0,0,0,0,Hypercalcemia
100196919,5,283234,311,3115,3123,3606,56244,64127,6556,6648,7040,0,0,0,0,0,0,0,0,0,0,0,0,0,0,0,0,0,0,0,0,0,0,0,0,0,0,0,0,0,0,0,0,0,0,0,0,0,0,0,Sarcoidosis
10,10188,1027,1029,10397,10468,10897,1124,1149,116966,117159,121256,121551,1233,128439,130814,1375,1381,1432,1437,1440,1499,153129,1571,158038,164395,166336,168002,170691,192286,1948,196,201163,2099,2272,22996,23302,23386,23404,23593,25,2705,27232,283927,2878,2944,30061,302,3054,307,3082,Neoplasms
100126313,100126318,100506742,153,1536,183,1906,213,23411,2697,3091,331,3383,3827,406891,406902,406903,406913,406924,406928,406934,406948,406957,406959,406962,406964,406968,406974,406989,406991,407011,407018,407019,407020,407022,407042,442902,442903,442904,442905,442911,442914,442920,4843,4846,488,494323,494324,5350,5465,554210,Myocardial Reperfusion Injury
100422821,29072,2956,3066,406947,406991,4437,4524,57510,581,673,6895,7048,8289,92,0,0,0,0,0,0,0,0,0,0,0,0,0,0,0,0,0,0,0,0,0,0,0,0,0,0,0,0,0,0,0,0,0,0,0,0,Microsatellite Instability
2779,2916,345193,4308,440435,5158,57010,6010,6011,60506,6295,778,9187,93589,0,0,0,0,0,0,0,0,0,0,0,0,0,0,0,0,0,0,0,0,0,0,0,0,0,0,0,0,0,0,0,0,0,0,0,0,0,Night blindness congenital stationary
10320,10659,10987,142,1440,1499,2033,213,26270,3105,3106,3107,3440,3458,4282,4734,4843,4924,5371,5705,5733,5740,5925,7415,79139,8451,8454,857,9844,9978,0,0,0,0,0,0,0,0,0,0,0,0,0,0,0,0,0,0,0,0,0,Stevens Johnson Syndrome
102723724,10320,1053,1644,28232,5795,5836,59350,643246,7773,84159,8626,0,0,0,0,0,0,0,0,0,0,0,0,0,0,0,0,0,0,0,0,0,0,0,0,0,0,0,0,0,0,0,0,0,0,0,0,0,0,0,Leukemia Lymphocytic Acute L1
100130460,100506532,100506697,100528007,100529257,1012,10129,101927697,105,114792,125150,128611,143872,144100,1445,152330,1586,1612,200810,2122,219621,221692,2242,2272,22834,22978,23026,254102,27347,283450,2887,2982,3010,3778,4036,4134,4524,4856,4883,490,4978,51196,53353,54897,54986,55333,55553,5593,57412,57480,57568,Systemic arterial pressure
10280,10367,2890,3162,3350,3363,347,351,3553,3557,4137,4204,43,4763,5071,5153,5368,5447,5663,57030,57084,596,6855,7054,7200,7422,84282,0,0,0,0,0,0,0,0,0,0,0,0,0,0,0,0,0,0,0,0,0,0,0,0,Learning Disorders
10329,10585,11041,1282,148789,1605,2218,29954,55624,729920,79147,84197,84892,9215,0,0,0,0,0,0,0,0,0,0,0,0,0,0,0,0,0,0,0,0,0,0,0,0,0,0,0,0,0,0,0,0,0,0,0,0,0,Walker Warburg congenital muscular dystrophy
2200,3915,4053,4313,4318,4843,6647,6648,7048,847,0,0,0,0,0,0,0,0,0,0,0,0,0,0,0,0,0,0,0,0,0,0,0,0,0,0,0,0,0,0,0,0,0,0,0,0,0,0,0,0,0,Marfan Syndrome
10058,10413,3912,392255,501,5080,60,6297,6469,71,9158,9573,0,0,0,0,0,0,0,0,0,0,0,0,0,0,0,0,0,0,0,0,0,0,0,0,0,0,0,0,0,0,0,0,0,0,0,0,0,0,0,Congenital ocular coloboma disorder
100126594,114327,1181,2554,2563,3786,449018,50715,785,8629,0,0,0,0,0,0,0,0,0,0,0,0,0,0,0,0,0,0,0,0,0,0,0,0,0,0,0,0,0,0,0,0,0,0,0,0,0,0,0,0,0,Myoclonic Epilepsy Juvenile
100188861,1181,1957,2563,353124,4200,432400,4988,780913,785,846,0,0,0,0,0,0,0,0,0,0,0,0,0,0,0,0,0,0,0,0,0,0,0,0,0,0,0,0,0,0,0,0,0,0,0,0,0,0,0,0,Idiopathic generalized epilepsy
2674,2915,4914,4988,51083,6335,6336,6863,7124,781,7852,0,0,0,0,0,0,0,0,0,0,0,0,0,0,0,0,0,0,0,0,0,0,0,0,0,0,0,0,0,0,0,0,0,0,0,0,0,0,0,0,Neuralgia
10,10653,1437,1544,2348,2350,2737,27443,3458,3630,4522,4524,4886,5077,51738,5652,5697,57216,57822,6240,6347,635,6497,6862,7546,81839,85416,0,0,0,0,0,0,0,0,0,0,0,0,0,0,0,0,0,0,0,0,0,0,0,0,Neural Tube Defects
10135,10203,10261,10437,10549,1075,10875,10981,1154,133418,1390,1543,156,2114,2162,2215,22822,23460,2533,25797,26034,2920,3290,3458,3552,3558,3559,3565,3567,3586,3684,4084,4222,4360,4780,4814,4926,5067,51284,5292,5327,596,5996,6303,6363,63924,6401,6480,6515,654,6696,Dermatitis Allergic Contact
1066,1719,1733,3704,3945,3953,4594,4645,5321,5826,64902,6513,6906,7167,7941,9719,0,0,0,0,0,0,0,0,0,0,0,0,0,0,0,0,0,0,0,0,0,0,0,0,0,0,0,0,0,0,0,0,0,0,0,Inborn Errors of Metabolism
100302150,100422970,100506606,100533975,10666,140733,144406,153830,163,2149,221037,23095,26052,2972,30845,4208,4778,50650,51012,51272,51281,55604,55711,572,57551,578,7168,7171,79774,80724,81704,8997,91828,948,9911,0,0,0,0,0,0,0,0,0,0,0,0,0,0,0,0,Platelet mean volume finding
100506385,101927421,19,221711,2302,23274,260328,285045,286183,3596,3909,54715,63976,79068,8128,955,0,0,0,0,0,0,0,0,0,0,0,0,0,0,0,0,0,0,0,0,0,0,0,0,0,0,0,0,0,0,0,0,0,0,0,Allergic rhinitis disorder
100130460,100506532,100506697,100528007,100529257,1012,10129,101927697,105,114792,125150,128611,143872,144100,1445,152330,1586,1612,200810,2122,219621,221692,2242,2272,22834,22978,23026,254102,27347,283450,2887,2982,3010,3778,4036,4134,4524,4856,4883,490,4978,51196,53353,54897,54986,55333,55553,5593,57412,57480,57568,Blood pressure finding
100507098,101927119,102060414,102724766,10452,1071,114902,1295,1300,2074,221294,23539,24,2444,3075,341,3426,348,387715,389641,4855,55013,5654,5819,5890,5978,6103,6239,629,64802,6499,7046,7099,7148,717,718,735,7422,7936,81579,8797,8878,0,0,0,0,0,0,0,0,0,Age related macular degeneration
10102,137735,1440,150094,153,154,1674,1756,1824,1832,1956,282996,2876,355,356,3688,3757,4000,4306,4607,4624,4625,472,4878,4879,55759,5663,5664,5879,5894,5973,6331,6389,64651,6584,6648,70,7112,7134,7137,7139,7273,7709,7840,84665,948,9531,0,0,0,0,Cardiomyopathy Dilated
100128505,100507346,10144,101928165,101928765,101929558,10428,1136,120935,177,2122,23245,23500,3360,3672,401237,4035,4237,4277,4324,4340,450095,51665,51702,51741,57117,5727,5915,6638,7145,79807,79875,80317,81696,81706,83938,84071,8728,8872,92737,9828,0,0,0,0,0,0,0,0,0,0,Pulmonary function finding
1072,1119,2263,25828,5077,5110,5130,5156,5444,57216,6347,0,0,0,0,0,0,0,0,0,0,0,0,0,0,0,0,0,0,0,0,0,0,0,0,0,0,0,0,0,0,0,0,0,0,0,0,0,0,0,0,Spina Bifida
11186,23493,2548,3315,3329,3630,4607,4609,4624,4633,4635,4719,4830,5443,58498,5894,6548,6902,7139,7157,9997,0,0,0,0,0,0,0,0,0,0,0,0,0,0,0,0,0,0,0,0,0,0,0,0,0,0,0,0,0,0,Hypertrophic Cardiomyopathy
11020,123016,129880,166379,22954,26160,27241,4867,51057,54585,54903,55212,582,583,585,79738,80184,8195,84100,91147,92482,0,0,0,0,0,0,0,0,0,0,0,0,0,0,0,0,0,0,0,0,0,0,0,0,0,0,0,0,0,0,Bardet Biedl Syndrome
1192,1277,1281,1289,1381,140465,140625,1984,213,2266,2495,2512,2810,3045,3956,396,4282,4734,5052,5176,5216,5268,54829,56005,5901,6275,6279,6280,6281,64499,668,6876,7001,7168,822,0,0,0,0,0,0,0,0,0,0,0,0,0,0,0,0,Keloid
10013,100996521,1017,1028,1029,10397,10481,10557,10589,10743,10855,10963,11098,11141,114795,115265,116071,116150,1191,1207,126129,1280,128611,128869,130540,1356,142,1437,1440,1474,1493,1545,160762,161291,1630,170589,172,1740,1823,1869,1896,202559,2033,2035,2056,2057,2066,2067,2150,2185,2194,melanoma
1029,10320,2120,2322,25,26053,2625,27086,3107,3131,3492,4297,4299,5079,5087,5156,5305,613,6929,7157,861,0,0,0,0,0,0,0,0,0,0,0,0,0,0,0,0,0,0,0,0,0,0,0,0,0,0,0,0,0,0,LEUKEMIA ACUTE LYMPHOBLASTIC SUSCEPTIBILITY TO 3
10803,1230,1235,142,1437,196,23,23411,2833,2919,3162,3458,3553,3554,3560,3565,3568,3569,3572,3596,3605,3606,3689,4283,4638,5196,5443,6347,6351,6354,6355,6356,6361,6363,6364,6369,6374,6376,6696,7040,7124,7132,7133,729230,7850,834,959,0,0,0,0,Pneumonia
149775,26249,2778,4306,6337,6338,6340,65125,65266,7830,8675,0,0,0,0,0,0,0,0,0,0,0,0,0,0,0,0,0,0,0,0,0,0,0,0,0,0,0,0,0,0,0,0,0,0,0,0,0,0,0,0,Pseudohypoaldosteronism
11010,11281,129563,1499,1653,1740,255738,2719,283120,3481,4810,5978,675,6948,7428,7490,0,0,0,0,0,0,0,0,0,0,0,0,0,0,0,0,0,0,0,0,0,0,0,0,0,0,0,0,0,0,0,0,0,0,0,Nephroblastoma
123263,137682,374291,4536,4537,4540,4541,4695,4704,4705,4722,4724,55967,91942,0,0,0,0,0,0,0,0,0,0,0,0,0,0,0,0,0,0,0,0,0,0,0,0,0,0,0,0,0,0,0,0,0,0,0,0,0,LEIGH SYNDROME DUE TO MITOCHONDRIAL COMPLEX I DEFICIENCY
1113,1312,1621,1644,23095,2668,4128,4129,4149,4763,55654,5979,6390,6392,7054,7428,0,0,0,0,0,0,0,0,0,0,0,0,0,0,0,0,0,0,0,0,0,0,0,0,0,0,0,0,0,0,0,0,0,0,0,Pheochromocytoma
101927688,1062,1618,1761,2261,27306,3815,4254,4313,5307,55159,55729,578,63978,6793,6794,6928,7371,8093,81848,8379,8888,9534,9673,0,0,0,0,0,0,0,0,0,0,0,0,0,0,0,0,0,0,0,0,0,0,0,0,0,0,0,Testicular Germ Cell Tumor
1082,1586,1588,2488,2796,2798,3952,3953,3972,5424,55315,5617,6866,6870,0,0,0,0,0,0,0,0,0,0,0,0,0,0,0,0,0,0,0,0,0,0,0,0,0,0,0,0,0,0,0,0,0,0,0,0,0,Hypogonadism
10367,10911,1268,1392,1812,1813,1814,23237,2348,2354,283989,3064,3084,43,4988,5173,6323,6558,7504,79042,80746,0,0,0,0,0,0,0,0,0,0,0,0,0,0,0,0,0,0,0,0,0,0,0,0,0,0,0,0,0,0,Movement Disorders
1437,23532,2950,3458,4170,4763,5077,5290,55534,6597,6657,7124,7157,0,0,0,0,0,0,0,0,0,0,0,0,0,0,0,0,0,0,0,0,0,0,0,0,0,0,0,0,0,0,0,0,0,0,0,0,0,0,Sarcoma
10232,2064,27086,2810,301,360,3814,4489,51129,6462,6648,6774,7253,9770,0,0,0,0,0,0,0,0,0,0,0,0,0,0,0,0,0,0,0,0,0,0,0,0,0,0,0,0,0,0,0,0,0,0,0,0,0,Lymphatic Metastasis
2936,3481,3553,3630,5265,5465,6648,6927,7124,775,0,0,0,0,0,0,0,0,0,0,0,0,0,0,0,0,0,0,0,0,0,0,0,0,0,0,0,0,0,0,0,0,0,0,0,0,0,0,0,0,0,Hypoglycemia
1723,3043,3240,4879,53335,7124,7372,7412,790,8131,0,0,0,0,0,0,0,0,0,0,0,0,0,0,0,0,0,0,0,0,0,0,0,0,0,0,0,0,0,0,0,0,0,0,0,0,0,0,0,0,0,Anemia Sickle Cell
100288687,1026,1281,1634,176,2006,22947,23347,2483,2953,3304,3308,4060,0,0,0,0,0,0,0,0,0,0,0,0,0,0,0,0,0,0,0,0,0,0,0,0,0,0,0,0,0,0,0,0,0,0,0,0,0,0,Muscular Dystrophy Facioscapulohumeral
100131315,100996485,101805488,101927324,10714,120376,143187,1499,171472,259217,2625,26585,283050,3911,3915,399948,4092,4512,51474,5157,5290,55289,55892,64359,6581,673,6926,6934,7040,745,80114,80776,81928,85415,894,999,0,0,0,0,0,0,0,0,0,0,0,0,0,0,0,Colorectal Cancer
10152,1269,1401,142,1535,1593,177,183,19,196,2099,23411,240,241,246,2944,3240,3269,3304,337,3383,3458,348,3481,356,3569,3949,4018,4048,4312,470,4843,4846,4864,5054,5320,5327,5444,5468,5743,6347,6348,6351,64240,6647,6648,6774,7099,7124,7274,7412,Atherosclerosis
100130503,10111,1017,101928940,101928947,101929231,10451,10665,108,11127,117,117156,134430,142,149628,154,169026,1728,1767,1786,1906,2066,217,222256,22806,23108,23194,23274,23418,240,2549,25890,282617,284110,286046,29119,2944,2950,30009,3113,3115,3117,3119,3123,3135,3162,3176,3291,3371,3383,3553,Asthma
1410,1674,1829,23171,27063,3920,4563,4565,4607,4624,4625,4633,4634,57158,6331,7137,7139,7168,8048,859,88,91624,9992,0,0,0,0,0,0,0,0,0,0,0,0,0,0,0,0,0,0,0,0,0,0,0,0,0,0,0,0,Cardiomyopathy Hypertrophic Familial
10280,1103,1128,11284,1136,1137,1138,1139,1143,1191,1244,1268,135,1392,147,1583,18,1812,1813,1814,183,210,2166,2247,2290,2353,249,2558,2572,2593,2784,2897,328,3350,3351,3456,348,348980,3553,3569,3612,3630,3737,3767,38,3952,3954,4204,43,4504,4803,Seizures
100128590,100130950,100289673,10082,101927587,101929423,102465508,10347,10418,10452,10658,10659,10858,10979,1139,1141,114876,1191,1200,121601,123041,137682,1378,1392,1471,1496,154215,1565,161,1636,1657,168667,1718,1808,196051,1965,2,2023,2041,2099,2147,2185,222255,22976,23026,23072,23215,23237,23385,23413,23607,Alzheimers Disease
102723403,113510,204801,221711,284417,3839,51720,5428,54933,54971,5557,64838,7916,80736,81550,84446,84515,8630,9070,9156,9874,0,0,0,0,0,0,0,0,0,0,0,0,0,0,0,0,0,0,0,0,0,0,0,0,0,0,0,0,0,0,Menopause present finding
10111,1019,1029,11200,201163,2176,2271,23022,2956,324,4089,4149,4221,4233,4286,4292,4361,4436,4595,4683,472,4763,5395,54949,55654,5728,580,5889,5979,6389,6390,6391,6392,641,657,672,675,6794,7157,7248,7249,7428,7516,79728,8313,83990,84142,999,0,0,0,Neoplastic Syndromes Hereditary
1244,1440,1906,2520,4524,4548,4638,4780,5443,57680,885,9817,0,0,0,0,0,0,0,0,0,0,0,0,0,0,0,0,0,0,0,0,0,0,0,0,0,0,0,0,0,0,0,0,0,0,0,0,0,0,0,Gastrointestinal Diseases
100131801,116228,1340,1352,22868,28958,4512,4513,4514,4567,4570,51204,6341,6834,84334,84987,9997,0,0,0,0,0,0,0,0,0,0,0,0,0,0,0,0,0,0,0,0,0,0,0,0,0,0,0,0,0,0,0,0,0,0,Cytochrome c Oxidase Deficiency
100506658,10806,1103,1297,23411,30813,3162,3383,3440,4318,4543,4843,5155,5311,5788,7070,7124,7274,7422,7431,8322,1356,1406,145226,23322,2668,4901,5158,54806,57560,596,6010,6103,64802,6647,84839,0,0,0,0,0,0,0,0,0,0,0,0,0,0,0,Retinal Diseases
1382,197322,2820,284119,4594,4735,54205,55752,6648,8801,0,0,0,0,0,0,0,0,0,0,0,0,0,0,0,0,0,0,0,0,0,0,0,0,0,0,0,0,0,0,0,0,0,0,0,0,0,0,0,0,0,Methylmalonic acidemia
10850,11004,1230,1394,1490,1520,1543,1545,1646,1649,1672,1728,1843,196,2167,2312,2315,23657,2495,2539,2720,2729,2833,2936,2937,2950,3084,30968,3108,3162,3315,3320,3485,3489,3606,3621,3849,3851,3858,3934,4317,4319,4835,5008,51311,5266,54578,54658,57016,5718,596,Contact Dermatitis
100533107,100874011,101927260,101927774,21,10665,11127,1232,1234,129446,151887,22891,2312,2720,282617,2833,284382,3106,339400,3458,3553,3565,3567,3569,3586,3596,3627,386653,5017,5089,5465,54778,5599,56946,6279,6352,6356,6361,6367,6369,63940,6401,6556,6778,7148,84433,85480,8809,8875,8876,90865,Dermatitis Atopic
100188853,100188854,10376,10487,10576,10584,10935,111,11138,11315,11343,114876,118429,1277,1278,1588,2023,2122,220164,2243,2244,25796,2597,2820,2876,2934,302,338382,3418,348751,3569,3570,4041,4057,471,4860,4982,501,5019,5034,5315,5341,5443,54503,5683,5686,5741,5906,5972,6251,6648,Osteoporosis
10539,10616,1375,147,1489,150,152,1543,1545,156,1571,1756,183,1906,196,207,2247,23523,26,2621,2626,2932,3066,3091,3162,3270,3357,3479,3553,3606,3709,3976,406991,4502,4607,4846,4878,4879,488,4881,51548,5294,5337,5338,5443,5465,5467,5563,5578,5579,5972,Cardiomegaly
101927421,101927998,101928376,102723706,102723722,11075,114784,121278,1394,1565,158435,164684,166752,1826,221692,22801,2289,23037,27445,2766,2773,2917,3356,3558,431708,431709,4353,4651,526,54545,55068,55964,5649,643542,6532,6648,6671,6863,7498,84079,847,0,0,0,0,0,0,0,0,0,0,Major Depressive Disorder
10142,10308,10443,118856,2068,2263,22902,23043,239,2707,2803,2920,2921,2944,29896,3304,3398,3440,3552,3553,3554,3557,3569,3759,414062,4524,4616,4714,4929,4968,5142,5209,54345,54469,55422,5652,56547,57162,5728,5743,5806,5991,5996,6314,6351,6364,6421,6498,6648,6730,6742,Dermatologic disorders
10019,10544,10747,11221,11277,114131,114548,1241,1280,1395,1401,142,1437,177,183,1906,1947,1958,196,2056,207,2149,2150,2247,2588,2625,2833,284,2920,30009,3146,3162,335,3383,3458,3552,3553,3557,3569,3576,3586,3596,3605,3620,3665,3934,3952,40,4057,407040,41,Inflammation
1129,2915,3082,3643,4311,4313,4318,4908,6446,7040,7099,836,847,0,0,0,0,0,0,0,0,0,0,0,0,0,0,0,0,0,0,0,0,0,0,0,0,0,0,0,0,0,0,0,0,0,0,0,0,0,0,Diabetic Neuropathies
10047,1080,1543,1586,161582,1636,1831,196,2054,2099,217,23424,2488,2516,2796,2879,29102,3237,339345,346562,367,387712,3948,3972,3973,4193,4524,4548,4552,4846,4968,5139,5428,5444,54898,581,5887,596,6414,6648,6795,7157,79730,8085,83756,0,0,0,0,0,0,Male infertility
10398,10516,196,2056,217,2641,3082,4524,4638,5311,6559,6648,7076,7124,79001,79924,0,0,0,0,0,0,0,0,0,0,0,0,0,0,0,0,0,0,0,0,0,0,0,0,0,0,0,0,0,0,0,0,0,0,0,Vascular Diseases
1050,1051,1490,1586,1588,1719,2099,2100,2488,2494,367,3952,3953,3972,3976,406,4524,5069,51094,5594,5595,5617,7026,7157,79602,8856,9254,0,0,0,0,0,0,0,0,0,0,0,0,0,0,0,0,0,0,0,0,0,0,0,0,Female infertility
10848,2078,2099,2246,2305,23532,29072,2944,3240,329,330,3558,366,367,3717,4255,4297,54541,55512,5590,55904,572,5728,5781,595,7153,7490,8202,8743,8837,8877,9446,0,0,0,0,0,0,0,0,0,0,0,0,0,0,0,0,0,0,0,leukemia
1001,100529151,100533107,100996485,100996583,10109,101927324,10320,10544,10747,11261,11315,120400,1235,132612,146198,149233,150962,159296,1611,1670,1671,1811,1893,201266,219771,2212,23046,23252,23308,2494,2768,3117,3123,3172,327,3383,345611,3553,3575,3576,3577,3579,3586,3593,3663,3683,3717,3912,400935,4046,Ulcerative Colitis
10346,10410,10561,10964,11277,23424,23586,24138,2537,2633,27074,27348,3429,3430,3433,3434,3437,3627,3665,4061,4599,4600,467,4938,4939,4940,51191,5359,54739,54809,54877,55008,55601,5610,6347,6355,64108,64135,64761,6614,6772,710,7130,7503,80830,8638,8743,91543,9246,9376,9636,Influenza
10318,134728,1609,2212,2969,3592,50618,55023,639,6775,7128,9232,0,0,0,0,0,0,0,0,0,0,0,0,0,0,0,0,0,0,0,0,0,0,0,0,0,0,0,0,0,0,0,0,0,0,0,0,0,0,0,Sjogrens Syndrome
10643,10903,176,253461,254251,387103,57169,64399,6499,8091,8200,0,0,0,0,0,0,0,0,0,0,0,0,0,0,0,0,0,0,0,0,0,0,0,0,0,0,0,0,0,0,0,0,0,0,0,0,0,0,0,0,Infant length
10319,10743,11141,1153,139411,151531,1718,1734,1735,1742,1745,1804,1806,1815,205428,23462,2562,26047,27086,2904,29123,2969,3077,347731,3690,3720,4204,4208,4543,4544,4923,5021,5101,54221,54674,552,5649,57496,57502,57628,57680,619554,6262,627,6323,6433,6567,6660,6662,6907,79742,Child Development Disorders RR307 Pervasive
10550,107,1133,1138,1139,114,1141,1143,1268,134,135,1385,1392,1401,1813,2166,2353,2770,2775,2778,2890,2891,2903,3060,3061,3269,3274,3358,3440,4318,4843,4852,4885,4887,4985,4986,4987,5187,5368,5443,551,5594,5595,5617,5972,627,6529,6532,6869,8863,8864,Substance Withdrawal Syndrome
10000,1778,2475,26128,3340,347733,3796,3800,5290,6505,7283,0,0,0,0,0,0,0,0,0,0,0,0,0,0,0,0,0,0,0,0,0,0,0,0,0,0,0,0,0,0,0,0,0,0,0,0,0,0,0,0,Malformations of Cortical Development
100874137,10133,10242,10280,10562,10891,116984,132989,1501,151194,1610,1639,1804,201161,203228,2066,22920,23025,23435,23503,2521,25978,2670,27148,27242,283,284085,288,29110,2936,2950,29978,3178,3236,347736,3680,3909,400916,4744,4978,51163,5216,5321,54209,5444,5445,5446,56241,5630,5648,5743,Amyotrophic Lateral Sclerosis
10617,11284,1137,152330,1813,3785,4036,4204,4915,5376,55738,5728,57582,6513,6535,81704,85358,867,8671,9197,0,0,0,0,0,0,0,0,0,0,0,0,0,0,0,0,0,0,0,0,0,0,0,0,0,0,0,0,0,0,0,Developmental Disabilities
101929680,10964,112755,1460,2566,3613,4179,6323,6324,6326,63982,7918,0,0,0,0,0,0,0,0,0,0,0,0,0,0,0,0,0,0,0,0,0,0,0,0,0,0,0,0,0,0,0,0,0,0,0,0,0,0,0,Febrile Convulsions
100126309,10062,123264,1244,1432,1581,1582,1593,1728,1958,200931,2243,2920,3383,3479,3569,3576,406884,406891,406920,406961,406965,407000,407012,407019,407055,442905,4780,4843,494323,494326,5054,5173,5265,5443,5603,5962,5970,6354,644,6615,693121,7124,7376,7412,80270,8647,8714,9002,9420,9962,Cholestasis
10516,1317,147381,1636,1906,1910,23476,240,2629,3091,3357,3576,384,4015,406987,4093,440275,4846,4879,538,5592,6346,6347,6532,659,6648,7039,7124,7166,768,796,959,0,0,0,0,0,0,0,0,0,0,0,0,0,0,0,0,0,0,0,Pulmonary Hypertension
10342,1964,2120,2304,23085,238,3265,3845,4893,4914,4916,51079,5108,51592,5468,5573,5979,5987,673,7080,7175,729582,7849,8030,8031,8805,9950,0,0,0,0,0,0,0,0,0,0,0,0,0,0,0,0,0,0,0,0,0,0,0,0,Papillary thyroid carcinoma
1134,127602,29855,2990,3039,3040,4703,4758,5476,55901,79623,8323,8736,0,0,0,0,0,0,0,0,0,0,0,0,0,0,0,0,0,0,0,0,0,0,0,0,0,0,0,0,0,0,0,0,0,0,0,0,0,0,Hydrops Fetalis Non Immune
10135,23411,240,2641,3162,3458,3479,3553,3565,3569,3586,3605,4282,4353,4843,51738,5743,5970,6714,6868,7078,7124,7263,8174,0,0,0,0,0,0,0,0,0,0,0,0,0,0,0,0,0,0,0,0,0,0,0,0,0,0,0,Colitis
1071,19,2053,255738,26228,2690,336,337,338,345,348,3949,3990,4023,5444,5445,0,0,0,0,0,0,0,0,0,0,0,0,0,0,0,0,0,0,0,0,0,0,0,0,0,0,0,0,0,0,0,0,0,0,0,Hypercholesterolemia Familial
1392,1394,1395,3360,3440,3553,3557,3558,4852,5697,7124,7132,8797,885,90226,0,0,0,0,0,0,0,0,0,0,0,0,0,0,0,0,0,0,0,0,0,0,0,0,0,0,0,0,0,0,0,0,0,0,0,0,Anorexia
100188790,100188851,101927066,10335,1909,192115,2099,221692,23245,23484,317773,3356,337892,338567,387576,4035,4209,4326,51253,54805,5592,57574,63976,7040,7048,7124,79054,796,79723,79783,8645,8976,9457,0,0,0,0,0,0,0,0,0,0,0,0,0,0,0,0,0,0,Migraine Disorders
10265,1280,1297,1302,2248,2706,2707,4036,5172,60,8772,0,0,0,0,0,0,0,0,0,0,0,0,0,0,0,0,0,0,0,0,0,0,0,0,0,0,0,0,0,0,0,0,0,0,0,0,0,0,0,0,Sensorineural Hearing Loss disorder
10062,102724766,10452,1071,116519,1401,157273,19,23411,23644,2590,2646,283450,3159,3358,338,3569,3606,3630,3929,3952,3992,4023,4846,51085,5444,56729,57761,57818,6347,6462,6934,7021,746,79068,79661,816,84811,8647,8856,8882,9370,9415,9970,0,0,0,0,0,0,0,Metabolic Syndrome X
100126346,3753,3784,406901,406902,406920,406959,406962,406985,407033,407034,407056,442899,442903,442907,494330,4968,554210,574447,57551,693124,9132,0,0,0,0,0,0,0,0,0,0,0,0,0,0,0,0,0,0,0,0,0,0,0,0,0,0,0,0,0,Noise induced hearing loss
10125,1021,10437,1050,1052,10634,10801,11040,11168,113,11326,1269,1436,1437,1440,1471,1495,1512,1522,1612,1902,1978,2026,2078,2120,2274,2308,2322,23365,26040,2624,26511,2672,2969,3005,3006,302,307,308,3082,30845,309,3205,3315,3398,343641,355,366,3717,375790,3815,Leukemia Myelocytic Acute
10631,10800,11251,1232,2206,30009,3115,4056,57105,5732,5739,5743,6915,0,0,0,0,0,0,0,0,0,0,0,0,0,0,0,0,0,0,0,0,0,0,0,0,0,0,0,0,0,0,0,0,0,0,0,0,0,0,Asthma Aspirin Induced
153241,26160,465,55112,57560,57728,79659,79809,89891,9742,0,0,0,0,0,0,0,0,0,0,0,0,0,0,0,0,0,0,0,0,0,0,0,0,0,0,0,0,0,0,0,0,0,0,0,0,0,0,0,0,0,Jeune thoracic dystrophy
100529262,101927078,2212,253017,254827,3781,640,79682,79934,80271,8190,90390,958,0,0,0,0,0,0,0,0,0,0,0,0,0,0,0,0,0,0,0,0,0,0,0,0,0,0,0,0,0,0,0,0,0,0,0,0,0,0,Mucocutaneous Lymph Node Syndrome
1184,1508,1514,1536,1773,1803,183,185,213,241,26762,2990,3106,3117,3123,3458,348,3557,387,3952,4010,4358,4690,4868,5058,5062,5443,5465,5743,5972,6337,6647,6696,7040,7422,7827,8440,94025,0,0,0,0,0,0,0,0,0,0,0,0,0,Proteinuria
10580,10628,1282,160851,1636,183,2066,213,23328,2621,27283,284757,3630,3791,3816,3899,406937,4192,4780,4846,5054,55748,558,5581,59272,5970,6347,6648,7040,7045,7048,7126,7416,7417,7422,84735,8639,9370,9844,0,0,0,0,0,0,0,0,0,0,0,0,Diabetic Nephropathy
16,1639,1778,1785,23064,23095,26353,2705,3236,3300,3315,3508,3908,4000,4141,4359,4747,5376,5428,54332,59341,6305,65055,79628,81857,90678,91137,9639,9896,9927,0,0,0,0,0,0,0,0,0,0,0,0,0,0,0,0,0,0,0,0,0,Charcot Marie Tooth Disease
100507436,1277,1278,1471,1493,2247,3458,4015,4312,4313,4318,5743,7040,7076,7124,0,0,0,0,0,0,0,0,0,0,0,0,0,0,0,0,0,0,0,0,0,0,0,0,0,0,0,0,0,0,0,0,0,0,0,0,Oral Submucous Fibrosis
1499,1545,23512,23600,240,2697,2705,324,3479,3762,3845,4552,4583,476,4763,489,492,54822,5617,5757,596,598,6414,6573,6948,7157,7253,7296,7428,776,9049,9429,0,0,0,0,0,0,0,0,0,0,0,0,0,0,0,0,0,0,0,Adenoma
1437,1440,1806,1991,2213,3440,3553,4524,5243,54658,7172,84522,8797,0,0,0,0,0,0,0,0,0,0,0,0,0,0,0,0,0,0,0,0,0,0,0,0,0,0,0,0,0,0,0,0,0,0,0,0,0,0,Neutropenia
116115,1859,1911,27245,283635,54617,57102,57511,5813,8208,92154,93649,9871,0,0,0,0,0,0,0,0,0,0,0,0,0,0,0,0,0,0,0,0,0,0,0,0,0,0,0,0,0,0,0,0,0,0,0,0,0,0,Poor school performance
148022,176,3565,4194,5016,545,5803,64072,64699,64711,759,761,8290,9466,0,0,0,0,0,0,0,0,0,0,0,0,0,0,0,0,0,0,0,0,0,0,0,0,0,0,0,0,0,0,0,0,0,0,0,0,0,Pneumoconiosis
10050,102724766,10452,1071,11141,1401,1471,149773,153,1557,1636,183,1906,1952,213,23621,257160,2646,2688,2876,3077,3240,338,3383,341,345,348,3949,4018,4023,4353,4524,4846,4852,4879,50805,5444,5445,56955,5743,590,6272,6347,6401,6558,6876,7139,7412,7450,8638,875,Cardiovascular Diseases
114548,1373,146722,221037,2243,2244,3083,326624,3554,3570,441108,5339,54543,54798,553103,57609,64231,6583,724031,80205,84888,9855,0,0,0,0,0,0,0,0,0,0,0,0,0,0,0,0,0,0,0,0,0,0,0,0,0,0,0,0,0,Fibrinogen Adverse Event
9,100129940,100188782,100507098,100507118,100526783,10125,101927736,101928423,10198,10239,102725019,10296,1036,10363,10644,10891,10984,111,11124,11132,114876,116985,1374,145741,1535,1544,1607,162515,169026,169792,1889,1906,1909,1910,1956,201232,204010,208,221895,23411,2557,26086,26276,2641,2642,2645,2646,2784,2820,284217,Diabetes Mellitus  Non Insulin Dependent
1437,1440,2056,2120,213,2212,2623,2812,2815,3105,3440,3562,3674,3690,3704,374569,4524,5175,5196,54205,7498,8797,9948,0,0,0,0,0,0,0,0,0,0,0,0,0,0,0,0,0,0,0,0,0,0,0,0,0,0,0,0,Thrombocytopenia
1027,1029,1107,1233,1387,1788,3561,5335,54790,5592,5594,5728,58508,5925,6195,6597,65980,673,6935,7133,7157,8085,8289,84433,8915,9235,0,0,0,0,0,0,0,0,0,0,0,0,0,0,0,0,0,0,0,0,0,0,0,0,0,Sezary Syndrome
1409,1414,1415,1417,1421,146862,2700,4284,4810,631,7466,79443,0,0,0,0,0,0,0,0,0,0,0,0,0,0,0,0,0,0,0,0,0,0,0,0,0,0,0,0,0,0,0,0,0,0,0,0,0,0,0,Nuclear non senile cataract
101928236,114803,1401,183,185,23411,2572,266722,285600,3383,339529,5444,54715,58504,6647,7057,7422,836,84898,0,0,0,0,0,0,0,0,0,0,0,0,0,0,0,0,0,0,0,0,0,0,0,0,0,0,0,0,0,0,0,0,Diabetic Retinopathy
8,10788,114801,130951,1369,147372,1687,1786,2151,219749,221711,2241,22871,23555,253827,285362,285590,30820,339559,348,401548,407053,4908,5172,55315,5592,57493,5784,598,6103,63892,64374,64478,6647,6772,7099,730091,7388,91,9197,93979,9414,9630,0,0,0,0,0,0,0,0,hearing impairment
10452,10814,10815,114088,1816,274,2902,2908,3351,3356,4914,54504,551,57419,5816,627,6616,7447,81578,8991,0,0,0,0,0,0,0,0,0,0,0,0,0,0,0,0,0,0,0,0,0,0,0,0,0,0,0,0,0,0,0,Psychotic Disorders
10743,1138,1141,1268,135,1392,1394,1395,1401,1786,1813,2353,2555,2739,2782,2918,3363,3440,351,390275,4192,4204,4282,4852,4886,5020,5066,50944,5265,594857,6531,6532,7124,7349,8320,9607,9848,0,0,0,0,0,0,0,0,0,0,0,0,0,0,Anxiety Disorders
100287932,10171,10260,164656,1890,220972,2639,3039,3077,55692,7037,7068,8131,83986,896,0,0,0,0,0,0,0,0,0,0,0,0,0,0,0,0,0,0,0,0,0,0,0,0,0,0,0,0,0,0,0,0,0,0,0,0,Finding of Mean Corpuscular Hemoglobin
101929582,101929620,10659,11281,131034,145820,221935,22871,26053,2820,29951,3213,3232,53353,5607,63976,9705,0,0,0,0,0,0,0,0,0,0,0,0,0,0,0,0,0,0,0,0,0,0,0,0,0,0,0,0,0,0,0,0,0,0,Motion Sickness
10019,2247,3440,3717,4352,5154,5155,54790,7040,7066,7157,811,0,0,0,0,0,0,0,0,0,0,0,0,0,0,0,0,0,0,0,0,0,0,0,0,0,0,0,0,0,0,0,0,0,0,0,0,0,0,0,Thrombocythemia Essential
10665,1280,1314,221035,221037,3240,51300,7538,79679,969,0,0,0,0,0,0,0,0,0,0,0,0,0,0,0,0,0,0,0,0,0,0,0,0,0,0,0,0,0,0,0,0,0,0,0,0,0,0,0,0,0,Arthritis
11188,1268,134,135,1392,147,1489,150,1636,1812,1813,183,1906,1907,1908,213,2246,2641,2890,2904,3269,3351,3352,3458,3552,3553,3558,3569,3630,3827,4057,4128,4129,4878,4879,5020,5173,5327,5328,5368,5443,551,5617,5972,624,6340,6550,6647,6863,7124,7349,Hypotension
1026,1103,11213,148022,1536,183,1839,1906,1946,1948,1950,1958,2113,2247,2252,2277,2353,240,2520,2705,2875,2876,2919,2920,3082,3162,3303,3312,3315,3383,3399,3552,3553,3569,3572,3576,3586,3592,3635,3678,3725,3791,4318,4353,4615,4843,4846,51738,5320,5327,5328,Reperfusion Injury
2353,3552,3553,3569,3586,3725,4790,4791,5966,5970,5971,7124,0,0,0,0,0,0,0,0,0,0,0,0,0,0,0,0,0,0,0,0,0,0,0,0,0,0,0,0,0,0,0,0,0,0,0,0,0,0,0,Heat Stroke
1440,1499,2321,2701,285,3265,3725,3791,3845,4609,5335,5787,595,7010,7157,7422,7424,80781,0,0,0,0,0,0,0,0,0,0,0,0,0,0,0,0,0,0,0,0,0,0,0,0,0,0,0,0,0,0,0,0,0,Hemangiosarcoma
10,10631,10800,114548,1244,134,135,1559,1636,2205,2206,2207,2944,2950,3002,3106,3123,3176,3303,3305,356,3565,3586,3596,4056,4295,57105,5733,5742,6356,6369,6863,6916,7124,8797,0,0,0,0,0,0,0,0,0,0,0,0,0,0,0,0,Drug Allergy
2253,2619,2736,28514,4838,50937,5727,6469,6496,6997,7050,7546,84976,8928,0,0,0,0,0,0,0,0,0,0,0,0,0,0,0,0,0,0,0,0,0,0,0,0,0,0,0,0,0,0,0,0,0,0,0,0,0,SOLITARY MEDIAN MAXILLARY CENTRAL INCISOR
1021,10389,11186,114826,1499,1755,1786,2064,2100,23030,23081,2313,23476,23532,29,3090,324,4352,4609,4610,4613,474,5015,5156,51684,5294,5727,6046,6275,6277,6281,6447,6502,675,6774,7409,79813,7994,8019,83746,84456,8643,8660,898,92335,0,0,0,0,0,0,Medulloblastoma
10253,10588,2247,2248,2252,2253,2254,2255,2260,2261,2263,23743,24,3664,4524,4548,4609,4846,5727,6573,6948,7055,7298,7341,8626,9935,0,0,0,0,0,0,0,0,0,0,0,0,0,0,0,0,0,0,0,0,0,0,0,0,0,Cleft Lip
10253,10588,1147,1280,1739,1950,2247,2248,2252,2253,2254,2255,2260,2261,2263,23314,23743,3664,374654,4335,4487,4548,4609,4846,5156,54796,5727,5916,6259,6493,6573,7040,7042,7043,7298,7341,8322,8573,8626,865,0,0,0,0,0,0,0,0,0,0,0,Cleft Palate
10069,10215,10311,10317,10600,10694,11096,116159,116448,1437,1440,150082,150084,1826,1827,1859,2078,2114,23515,23562,2551,25825,25966,2618,26285,270,2897,29104,2992,29980,30811,3141,3150,3454,3455,3460,351,3588,3753,3763,3772,406947,4513,4599,4600,4685,5121,51227,5376,53820,539,Muscle Weakness
10397,10683,2099,2100,2260,23462,23493,26524,3091,367,3845,4314,4318,4763,4851,4853,4915,57670,5781,673,7157,8202,90,9113,0,0,0,0,0,0,0,0,0,0,0,0,0,0,0,0,0,0,0,0,0,0,0,0,0,0,0,Astrocytoma
1471,1476,1514,207,210,3280,4771,5155,5241,5728,6608,8028,0,0,0,0,0,0,0,0,0,0,0,0,0,0,0,0,0,0,0,0,0,0,0,0,0,0,0,0,0,0,0,0,0,0,0,0,0,0,0,Meningioma
1004,3569,3576,51738,5743,5744,7124,7132,7538,939,0,0,0,0,0,0,0,0,0,0,0,0,0,0,0,0,0,0,0,0,0,0,0,0,0,0,0,0,0,0,0,0,0,0,0,0,0,0,0,0,0,Cachexia
10516,3480,4137,4204,5173,5327,57560,7200,779,92667,9963,0,0,0,0,0,0,0,0,0,0,0,0,0,0,0,0,0,0,0,0,0,0,0,0,0,0,0,0,0,0,0,0,0,0,0,0,0,0,0,0,Respiratory Insufficiency
1232,23516,27173,2919,3269,3309,3565,3569,3600,5054,55630,5777,6355,6356,7099,7124,7378,7782,0,0,0,0,0,0,0,0,0,0,0,0,0,0,0,0,0,0,0,0,0,0,0,0,0,0,0,0,0,0,0,0,0,Respiratory Hypersensitivity
10887,11280,1268,1269,133,1445,1814,183,1906,22953,239,240,2668,2904,3231,3356,3479,3552,3553,3557,3569,3576,3586,3643,3673,3827,4157,4314,4359,4803,4842,4843,4908,4982,4988,5024,51083,5173,5368,551,5581,5582,5594,5595,5598,5731,5742,5743,5744,57468,5894,Hyperalgesia
1406,145226,167691,23418,23746,25794,3000,343035,3614,3769,392255,5189,55812,57096,6121,64802,7287,7399,80184,9227,9657,9742,0,0,0,0,0,0,0,0,0,0,0,0,0,0,0,0,0,0,0,0,0,0,0,0,0,0,0,0,0,Leber Congenital Amaurosis
100312954,100507679,10665,10678,114836,114904,115352,117189,1493,23,26191,2638,28,3137,3710,50976,64135,646702,7038,7253,80862,84159,8635,0,0,0,0,0,0,0,0,0,0,0,0,0,0,0,0,0,0,0,0,0,0,0,0,0,0,0,0,Graves Disease
120,147,1577,1728,2353,241,2475,2570,27040,4780,5023,5243,5327,5444,5580,590,598,6039,6430,6489,7051,7078,836,83716,885,915,0,0,0,0,0,0,0,0,0,0,0,0,0,0,0,0,0,0,0,0,0,0,0,0,0,Neurotoxicity Syndromes
291,4607,4624,4625,4634,70,7134,7139,85366,859,0,0,0,0,0,0,0,0,0,0,0,0,0,0,0,0,0,0,0,0,0,0,0,0,0,0,0,0,0,0,0,0,0,0,0,0,0,0,0,0,0,Cardiomyopathy Familial Hypertrophic 1 disorder
10021,1482,1636,1674,1906,2100,23224,3360,3741,3759,3782,4524,463,4846,4879,5396,6331,6336,6401,6660,7450,7478,84909,857,858,9992,0,0,0,0,0,0,0,0,0,0,0,0,0,0,0,0,0,0,0,0,0,0,0,0,0,Atrial Fibrillation
10063,1356,150684,27232,2876,3082,3440,3855,3880,4087,4233,4288,4489,475,538,59,6647,6774,7040,836,847,9973,0,0,0,0,0,0,0,0,0,0,0,0,0,0,0,0,0,0,0,0,0,0,0,0,0,0,0,0,0,Hepatitis Chronic
100528032,101928376,102724748,1230,149233,170679,29842,3106,335,337867,338,3383,3576,3586,3592,3595,3683,3689,4210,5054,51752,64127,6775,7099,720,8302,847,0,0,0,0,0,0,0,0,0,0,0,0,0,0,0,0,0,0,0,0,0,0,0,0,Behcet Syndrome
120892,142,1639,1644,1813,216,2668,2936,4137,478,4803,5071,5173,5428,55532,5580,5617,65018,6571,6622,7054,8575,8854,100128977,100129583,100287944,100359403,100631383,101929655,102724307,10295,10457,10743,11315,114134,120892,1272,1305,1356,136853,1394,147081,154043,1565,1571,1586,1609,161145,1620,162540,1644,Parkinsonian Disorders
10533,1317,1489,1508,1571,1756,183,196,2170,22827,2597,2628,26762,2950,29952,3146,3458,351,355,3553,3557,3569,3605,384,3875,3958,4023,406967,4255,4524,4613,468,4780,4843,5443,5621,5950,596,613,6647,6648,6649,6678,6915,7124,7139,831,847,9131,9474,959,Necrosis
10417,10803,1230,1235,150684,1543,1828,213,23,2833,29126,2919,3106,3117,3119,3123,3126,3127,3240,3458,3553,3554,3560,3565,3568,3569,3572,3596,3603,3605,3606,3689,3827,4283,4524,4638,50856,5196,5473,5608,6347,6348,6351,6354,6355,6356,6361,6363,6364,6369,6374,Hypersensitivity
100129620,100359401,10265,10579,1280,1297,1665,2313,2893,3908,393093,399959,4285,443,4990,5371,56479,57369,57706,5789,5799,5923,5959,64084,646960,650,654,6641,6711,6733,7434,84690,89795,9745,9839,0,0,0,0,0,0,0,0,0,0,0,0,0,0,0,0,Myopia
100,116,153,183,3553,3827,3990,4843,5743,624,6863,847,9370,0,0,0,0,0,0,0,0,0,0,0,0,0,0,0,0,0,0,0,0,0,0,0,0,0,0,0,0,0,0,0,0,0,0,0,0,0,0,Hyperemia
2263,4038,4487,5080,5308,54499,56172,6926,860,91252,0,0,0,0,0,0,0,0,0,0,0,0,0,0,0,0,0,0,0,0,0,0,0,0,0,0,0,0,0,0,0,0,0,0,0,0,0,0,0,0,0,Tooth Abnormalities
10549,1281,1728,177,2200,2641,2645,2876,3159,3290,3630,3643,3953,4780,4846,5579,5743,6492,6667,8660,0,0,0,0,0,0,0,0,0,0,0,0,0,0,0,0,0,0,0,0,0,0,0,0,0,0,0,0,0,0,0,Hyperglycemia
144568,1969,23522,3265,3845,4893,5604,5605,5781,5894,5922,6016,6654,6655,673,8036,8216,0,0,0,0,0,0,0,0,0,0,0,0,0,0,0,0,0,0,0,0,0,0,0,0,0,0,0,0,0,0,0,0,0,0,Noonan Syndrome
1281,1831,2200,2641,2746,2876,3162,3172,3630,3643,3667,3952,3953,4160,4846,79661,0,0,0,0,0,0,0,0,0,0,0,0,0,0,0,0,0,0,0,0,0,0,0,0,0,0,0,0,0,0,0,0,0,0,0,Hyperinsulinism
1280,2936,335,3569,3576,3589,3630,3827,5020,5443,5608,5743,6548,6549,6550,6778,6863,7124,7432,796,81693,836,841,842,847,0,0,0,0,0,0,0,0,0,0,0,0,0,0,0,0,0,0,0,0,0,0,0,0,0,0,Edema
10797,1440,200942,2625,2950,3440,3596,399717,4792,54658,5770,5820,5966,64084,6929,8320,8837,943,0,0,0,0,0,0,0,0,0,0,0,0,0,0,0,0,0,0,0,0,0,0,0,0,0,0,0,0,0,0,0,0,0,Hodgkin Disease
120227,1593,1717,2099,2638,29123,3479,3778,4036,4313,80169,0,0,0,0,0,0,0,0,0,0,0,0,0,0,0,0,0,0,0,0,0,0,0,0,0,0,0,0,0,0,0,0,0,0,0,0,0,0,0,0,Metabolic Bone Disorder
11127,1146,1147,1749,1836,25836,27125,2720,285590,286,3237,3481,407975,4880,5125,54499,57560,6197,6569,658,7042,7227,7547,865,9270,0,0,0,0,0,0,0,0,0,0,0,0,0,0,0,0,0,0,0,0,0,0,0,0,0,0,Bone Diseases Developmental
10021,2056,3759,4000,4846,4879,6262,6331,7139,845,0,0,0,0,0,0,0,0,0,0,0,0,0,0,0,0,0,0,0,0,0,0,0,0,0,0,0,0,0,0,0,0,0,0,0,0,0,0,0,0,0,Tachycardia Ventricular
1137,1565,1861,25792,2643,2774,478,55145,55532,60,6342,7054,84947,8575,0,0,0,0,0,0,0,0,0,0,0,0,0,0,0,0,0,0,0,0,0,0,0,0,0,0,0,0,0,0,0,0,0,0,0,0,0,Dystonia
10461,153090,2056,2243,4524,5327,5328,6915,7056,7498,847,0,0,0,0,0,0,0,0,0,0,0,0,0,0,0,0,0,0,0,0,0,0,0,0,0,0,0,0,0,0,0,0,0,0,0,0,0,0,0,0,Pulmonary Embolism
1051,1215,1232,1437,1440,1490,1906,1950,2006,2246,2247,2252,26585,2920,3082,3162,3479,3553,3565,3567,3569,3576,3593,3596,4092,4204,4313,4318,4780,5154,5155,5265,57105,5806,6347,6348,6351,6352,6356,6498,655,6696,7039,7040,7076,7124,729230,796,0,0,0,Pulmonary Fibrosis
1392,150094,170302,23236,2904,3295,51733,5277,5443,6326,6487,6709,6792,7248,7249,0,0,0,0,0,0,0,0,0,0,0,0,0,0,0,0,0,0,0,0,0,0,0,0,0,0,0,0,0,0,0,0,0,0,0,0,West Syndrome
100527963,11243,1270,1636,2155,2321,3162,3163,3674,3685,3690,3791,4313,4314,4318,462,4879,5327,5328,5443,581,596,598,6285,6696,7422,836,841,1559,2147,2155,2353,3589,3690,5265,5327,5328,5420,5443,5972,624,64805,79001,83706,0,0,0,0,0,0,0,Cerebral Hemorrhage
10142,287,3753,3757,3762,3784,6330,6331,6640,801,805,859,9722,9992,0,0,0,0,0,0,0,0,0,0,0,0,0,0,0,0,0,0,0,0,0,0,0,0,0,0,0,0,0,0,0,0,0,0,0,0,0,Romano Ward Syndrome
100129620,1002,100286844,100506457,100526835,10082,100874326,10135,101927414,101927712,101929328,10207,102723742,1066,10667,10743,10752,10806,10840,1136,114294,1149,115,116328,1232,1238,125,126567,1268,1282,129787,130013,132789,133522,134359,1350,1361,1363,137868,1401,142,1431,145264,146513,1489,151742,1520,1528,153,154,155,Obesity
1003,10412,10537,123264,1244,163486,200931,23274,3091,3385,3484,3575,3592,3593,3627,3855,4015,4017,4283,4790,5244,6352,643,6522,6689,6775,7132,7297,79258,915,941,9429,954,0,0,0,0,0,0,0,0,0,0,0,0,0,0,0,0,0,0,Biliary cirrhosis
5189,5190,5192,5193,5194,5195,55670,5824,5828,8504,9409,0,0,0,0,0,0,0,0,0,0,0,0,0,0,0,0,0,0,0,0,0,0,0,0,0,0,0,0,0,0,0,0,0,0,0,0,0,0,0,0,Peroxisome biogenesis disorders
1736,26277,5073,51750,54433,55135,55505,55651,7012,7015,79650,80169,0,0,0,0,0,0,0,0,0,0,0,0,0,0,0,0,0,0,0,0,0,0,0,0,0,0,0,0,0,0,0,0,0,0,0,0,0,0,0,Dyskeratosis Congenita
2056,2321,3383,3791,4256,4846,4982,5741,6446,650,6678,6696,7040,7046,7412,7421,860,0,0,0,0,0,0,0,0,0,0,0,0,0,0,0,0,0,0,0,0,0,0,0,0,0,0,0,0,0,0,0,0,0,0,Uremia
121278,1269,1392,1440,1816,213,2182,2247,2260,23705,2495,2512,2739,2782,2908,2931,2932,3363,3440,3569,3776,4282,4524,4842,4852,4886,51738,5443,5444,5649,5743,627,6281,6403,6532,6616,6647,0,0,0,0,0,0,0,0,0,0,0,0,0,0,Depressive disorder
10461,1401,1557,1577,183,2056,2147,2152,2153,2158,2159,2212,2243,2322,2526,2621,2811,2982,3082,3162,462,5028,5054,5139,5196,5327,5328,5420,5624,5627,5733,5743,624,6403,644165,64805,7056,7124,7301,7450,914,0,0,0,0,0,0,0,0,0,0,Thrombosis
10392,10908,1137,1244,1440,154,1558,1559,1719,1806,2019,2290,2353,2670,2990,3399,3785,388585,429,43,4524,4552,467,4760,4773,4803,4842,4851,5054,5179,5243,54902,55738,5625,5743,627,6315,6334,6414,6470,6513,6531,6555,6571,6573,6647,7124,7274,7298,836,842,nervous system disorder
10006,10015,100507463,10051,10097,10112,10135,10146,10159,10184,101929664,10197,102,10228,10255,10288,1033,10342,10403,10434,10451,10457,10461,10473,10479,10484,10492,10527,10539,10550,10564,10565,1058,10610,10613,1063,10659,10737,10855,10857,10874,10878,10935,10959,10973,10981,10988,10990,11010,11052,1111,IGA Glomerulonephritis
1141,1268,2641,2796,3592,3593,3972,4843,6647,7124,7200,7252,0,0,0,0,0,0,0,0,0,0,0,0,0,0,0,0,0,0,0,0,0,0,0,0,0,0,0,0,0,0,0,0,0,0,0,0,0,0,0,Hypothermia natural
1280,1409,1410,1414,1420,1421,1427,2074,231,23424,2584,2703,3982,4284,472,490,5309,57447,7431,8671,9197,0,0,0,0,0,0,0,0,0,0,0,0,0,0,0,0,0,0,0,0,0,0,0,0,0,0,0,0,0,0,Cataract
10919,1490,3107,3111,3113,3115,3118,3120,3240,3440,4855,629,6941,7332,958,0,0,0,0,0,0,0,0,0,0,0,0,0,0,0,0,0,0,0,0,0,0,0,0,0,0,0,0,0,0,0,0,0,0,0,0,Hepatitis B Chronic
1543,1571,2205,240,3106,3115,3119,335,344,345,3565,3606,3827,4353,4524,6863,721,7276,0,0,0,0,0,0,0,0,0,0,0,0,0,0,0,0,0,0,0,0,0,0,0,0,0,0,0,0,0,0,0,0,0,Drug Eruptions
1000,100124700,10131,10148,1019,10232,1026,1027,1029,1032,10330,10395,10468,10528,10550,10574,1075,11197,11200,1152,116135,1182,1201,123,125997,131566,1316,1365,1469,1496,1514,153,154,1548,1636,1642,1647,1674,174,1786,1789,1798,1806,1839,186,1890,1892,1915,1917,1956,196,Stomach Neoplasms
10210,11174,11200,1576,170691,1719,1956,1965,2101,2146,23476,2348,2914,2950,3725,3756,4015,406900,406920,407050,4233,442894,4486,4609,54880,5925,5981,5996,648,7001,7157,7262,7422,8148,85417,860,8792,8856,9183,0,0,0,0,0,0,0,0,0,0,0,0,Osteosarcoma
10019,101929163,10255,10766,114904,116449,1235,148022,2175,23322,26191,27086,3002,3559,4026,4157,473,53347,56244,57178,60468,6311,64094,64135,64375,6503,6506,7038,7299,80736,840,8635,8924,941,960,0,0,0,0,0,0,0,0,0,0,0,0,0,0,0,0,Vitiligo
133,1950,2056,3084,3375,3553,3952,4318,4843,4846,51738,5742,5743,7124,7422,7425,847,885,0,0,0,0,0,0,0,0,0,0,0,0,0,0,0,0,0,0,0,0,0,0,0,0,0,0,0,0,0,0,0,0,0,Gastric ulcer
100270916,102465435,10297,10636,10666,109,11007,11140,11186,11273,11315,126789,128611,1326,149233,150280,150962,1611,163486,1670,1673,170595,1789,1880,2212,2355,246778,253430,25953,26191,283463,2859,30829,317669,324,3378,337867,345611,3559,3569,3586,403150,4046,4088,414236,441108,4485,50608,50941,50942,51174,Inflammatory Bowel Diseases
1947,2077,2146,2263,27241,4745,55764,57539,650,6938,7291,0,0,0,0,0,0,0,0,0,0,0,0,0,0,0,0,0,0,0,0,0,0,0,0,0,0,0,0,0,0,0,0,0,0,0,0,0,0,0,0,Craniosynostosis
107,114,135,1394,1812,1813,1814,2353,2550,26047,2641,2890,2891,28964,3356,3358,3558,4135,4803,4852,4880,4915,4922,5020,590,594857,6531,6623,7054,796,885,0,0,0,0,0,0,0,0,0,0,0,0,0,0,0,0,0,0,0,0,Hyperactive behavior
5189,5190,5192,5193,5194,5195,55670,5824,5828,5830,8504,8799,9409,0,0,0,0,0,0,0,0,0,0,0,0,0,0,0,0,0,0,0,0,0,0,0,0,0,0,0,0,0,0,0,0,0,0,0,0,0,0,Infantile Refsum Disease disorder
5189,5190,5192,5193,5194,5195,55670,5824,5828,5830,8504,8799,9409,0,0,0,0,0,0,0,0,0,0,0,0,0,0,0,0,0,0,0,0,0,0,0,0,0,0,0,0,0,0,0,0,0,0,0,0,0,0,Adrenoleukodystrophy Neonatal
100188850,10512,1889,1908,1910,223117,246321,246322,2668,3084,3897,404719,404720,4902,5979,8929,0,0,0,0,0,0,0,0,0,0,0,0,0,0,0,0,0,0,0,0,0,0,0,0,0,0,0,0,0,0,0,0,0,0,0,Hirschsprung Disease
2018,2099,268,269,3206,3207,3209,3479,3975,3976,4488,5076,54361,657,7076,7474,7476,8626,0,0,0,0,0,0,0,0,0,0,0,0,0,0,0,0,0,0,0,0,0,0,0,0,0,0,0,0,0,0,0,0,0,Female Urogenital Diseases
9,153090,183,185,3949,4035,4318,4323,5743,653361,6648,0,0,0,0,0,0,0,0,0,0,0,0,0,0,0,0,0,0,0,0,0,0,0,0,0,0,0,0,0,0,0,0,0,0,0,0,0,0,0,0,Aortic Aneurysm Abdominal
1437,2056,2147,2152,2153,2155,2157,2162,2165,3717,4018,4524,462,51156,5327,5328,5340,5624,7035,93183,0,0,0,0,0,0,0,0,0,0,0,0,0,0,0,0,0,0,0,0,0,0,0,0,0,0,0,0,0,0,0,Venous Thrombosis
10280,11255,1437,2770,2773,2922,351,3552,3558,3569,4803,5173,5443,551,5550,6863,7200,0,0,0,0,0,0,0,0,0,0,0,0,0,0,0,0,0,0,0,0,0,0,0,0,0,0,0,0,0,0,0,0,0,0,Amnesia
1071,116519,1401,2646,338,3440,3630,4023,5360,5465,590,64788,85019,8882,0,0,0,0,0,0,0,0,0,0,0,0,0,0,0,0,0,0,0,0,0,0,0,0,0,0,0,0,0,0,0,0,0,0,0,0,0,Hypertriglyceridemia
1000,10803,1232,1236,1237,1244,1268,1392,1756,1965,2056,2185,2353,2596,2668,2826,288,2891,2911,2915,3162,3315,3557,361,3725,3726,3727,3778,3920,4208,4803,4842,4843,488,4908,4915,4916,55163,5610,5743,57468,5979,627,6334,6347,6348,6546,6547,6640,6714,6751,Status Epilepticus
11035,1277,1756,197,2056,2209,249,2591,29108,3553,3606,3688,3689,3717,3934,4046,4313,4318,4851,5155,5159,5443,5777,632,6347,6575,6693,6696,7076,729,80169,8074,80781,836,9213,9356,9365,9450,0,0,0,0,0,0,0,0,0,0,0,0,0,Calcinosis
11167,1277,1281,1490,2335,4015,4878,4879,7040,7042,7076,0,0,0,0,0,0,0,0,0,0,0,0,0,0,0,0,0,0,0,0,0,0,0,0,0,0,0,0,0,0,0,0,0,0,0,0,0,0,0,0,Aortic Valve Insufficiency
11155,1837,4000,4607,4625,57534,57644,63976,6901,70,7139,7168,0,0,0,0,0,0,0,0,0,0,0,0,0,0,0,0,0,0,0,0,0,0,0,0,0,0,0,0,0,0,0,0,0,0,0,0,0,0,0,Left ventricular noncompaction
133,1440,284,3146,3440,3458,3579,3586,3929,4049,4282,4318,4843,4846,5594,5595,5624,7040,7099,7124,836,0,0,0,0,0,0,0,0,0,0,0,0,0,0,0,0,0,0,0,0,0,0,0,0,0,0,0,0,0,0,Sepsis
9,100188863,10025,100506885,10060,10090,10125,10140,10154,10257,10562,10628,10666,10902,10924,11067,116039,120892,121601,1268,1368,1462,149111,1528,1588,1592,1604,1645,1646,1655,1675,1734,1839,1843,1956,1994,2063,2100,2192,2200,2289,22943,23054,231,2327,23327,23405,23421,23428,2353,2516,Endometriosis
177,1906,199,2629,2670,348,3480,3481,3482,3630,3643,4099,4803,4914,4915,6620,6622,6648,8678,0,0,0,0,0,0,0,0,0,0,0,0,0,0,0,0,0,0,0,0,0,0,0,0,0,0,0,0,0,0,0,0,Lewy Body Disease
10142,10308,10443,1401,2067,2071,2072,22902,23043,2803,2920,2921,29896,3304,3398,3552,3553,3557,366,3759,3858,414062,4489,4524,4616,4714,4860,4929,5142,5209,54345,54469,55422,57162,57412,5806,5991,5996,6314,6351,6364,6421,6498,6648,6730,6742,7109,7124,7130,7157,7324,Arsenic Poisoning
100126314,100126317,100302123,100302129,100302142,100302258,100506658,1501,1553,1645,1646,1879,1950,2026,2034,2099,23239,2335,238,26227,30061,3084,3150,3195,324,3265,3476,3480,3569,3575,3576,3667,3725,3852,3861,3866,3880,389421,3958,4017,406885,406899,406938,406949,406961,406965,406966,406984,406988,407006,407014,Neoplastic Cell Transformation
